latitude	longitude	mag
38.8015	-122.771	2.1
37.3649	-117.1248	2.17
37.5468	-118.7905	2.3
40.2958	-124.4852	2.8
32.3108333	-115.3215	2.41
38.8333	-122.8073	2.1
36.3047	-120.8575	2.6
38.8217	-122.8252	2.3
39.4517	-122.1193	2.3
36.3053	-120.8577	2.3
38.8185	-122.8228	2.1
37.1535	-117.3746	2.24
36.1487	-121.6422	2.3
40.3005	-124.6077	2.8
38.7633	-122.7383	2.8
37.4488	-118.8403	2.3
35.6202	-120.9833	2.2
38.7893	-122.7315	2.1
36.8622	-121.5965	2.4
36.9395	-121.5357	3.7
36.9402	-121.537	2.5
40.1983	-121.0827	2.5
39.3883	-122.9043	2.1
38.209	-112.319	2
37.4577	-118.8387	2.1
39.3807	-123.2978	2
39.2707	-122.7887	2
37.2507	-122.1687	2.8
42.0757	-125.896	2.2
41.6516	-126.8908	5.5
37.5037	-118.8378	2.7
36.5548	-121.0912	2
32.9067	-116.2673	2.3
37.5253	-118.8283	2.9
36.518	-121.1027	2.6
33.0023	-116.4575	3.2
33.0007	-116.457	3.2
38.8325	-122.8072	2
36.545	-121.0527	2.4
32.3508	-115.3138	2.3
39.4458	-120.282	2.2
39.4458	-120.2833	2.6
32.4078	-115.4317	2.4
43.3208	-122.453	2.1
33.5878	-116.6418	2.1
38.8108	-122.7888	2.4
37.2852	-121.6645	2
42.6581	-111.1318	2.8
36.3088	-120.8285	2.2
39.4737	-123.1098	2.1
37.4947	-118.836	2.8
36.3987	-118.6563	2.2
38.809	-122.8118	2.5
38.8232	-122.8435	2.1
38.9562	-111.4155	2
35.1705	-120.9075	2.4
33.157	-115.6425	2.2
37.452	-118.8417	2.2
36.4203	-120.7538	2.5
40.8438	-118.7157	2.18
38.0247	-122.105	2.1
38.8147	-122.8265	2.3
33.706	-116.7617	2
32.0263	-116.1753	2.7
33.1097	-115.6248	2.2
36.7505	-120.8858	2.2
40.2998	-124.4548	2.4
39.7772	-122.8537	2.9
38.8048	-122.7917	2
38.8268	-122.7807	2.1
40.569	-123.8685	2
37.3489	-117.1294	2.75
44.4793	-115.6891	2
33.9087	-116.7652	2.4
38.8088	-122.8182	2.6
35.7965	-119.8075	2.2
38.4025	-122.2027	2.2
40.3012	-124.4088	2.7
39.6775	-111.5057	2.2
39.6747	-111.5127	2.8
38.834	-122.7992	2.2
38.8348	-122.7995	2.5
40.441	-125.5837	2.5
34.1805	-117.3467	2
40.3075	-124.5678	2.3
40.7343	-123.2825	2.3
34.5218	-116.5328	2
36.4013	-120.9515	2.2
36.8087	-121.5378	2.4
32.9897	-117.7547	2.1
36.5928	-120.2287	2.2
37.2436	-117.6837	2.15
34.521	-116.532	2.2
38.8803	-122.7962	2.7
33.031	-116.4238	2.1
37.7772	-121.9402	2.7
34.52	-116.5317	2.1
36.5762	-120.2417	2
42.328	-111.5397	2.2
38.541	-119.514	2.4
36.27	-114.261	2.15
36.4064	-112.2907	3
40.2965	-124.344	2.1
41.5545	-112.1052	2.1
41.5528	-112.1097	2.1
39.3487	-119.9957	2.73
45.3712	-121.706	2.2
36.0278	-117.768	2.7
39.7822	-120.682	2.1
38.7762	-122.729	2.5
38.8438	-122.828	2.7
37.8888	-122.2055	2.1
37.561	-118.8615	2.7
33.4132	-118.8733	2.9
35.4687	-119.31	2.7
32.8817	-116.2508	2.2
36.0487	-117.4805	2.2
38.8123	-122.8228	2.1
37.2633	-121.6475	2.2
35.8073	-121.216	2.2
40.3697	-123.7153	3.4
40.3727	-123.7183	2.1
42.9263	-111.1423	2.1
40.989	-123.5503	2.1
32.1612	-115.1585	3
40.1517	-120.973	2.1
35.4043	-118.4007	2.9
38.8107	-122.8117	2.2
39.2861	-119.134	2.15
38.8212	-122.7668	2
35.4035	-118.395	2.2
34.6697	-119.2282	2.1
36.0982	-117.8773	2.1
32.4268	-115.6058	2.4
44.5726	-114.2911	2.2
32.6928	-118.265	3.2
38.7947	-122.7875	2
38.9622	-111.4177	2
41.6055	-122.2708	2.2
36.1178	-117.6978	2.6
40.4992	-124.287	2.5
38.8117	-122.8105	2.1
38.7938	-122.734	2.1
36.2853	-120.8303	2
40.3058	-124.5608	3.7
38.8185	-122.8063	2.2
37.8855	-122.207	2.3
39.6042	-123.6465	2.4
39.1797	-123.7132	2
42.9343	-111.1223	3.3
38.2892	-122.6053	2.7
38.9095	-122.6858	2
31.2192	-115.9147	3
40.3703	-124.1727	2.2
38.8385	-122.7657	2
38.7857	-122.7768	2.2
33.7823	-117.869	2.3
38.806	-122.8128	2
39.6583	-122.0247	2
35.8583	-120.4052	2.4
40.783	-124.3222	2.2
39.8067	-123.785	2
42.967	-117.125	2.4
38.8097	-122.8223	2
37.3227	-122.0995	2
39.6772	-111.5188	2.2
43.6783	-121.1248	2.1
39.6848	-111.5163	2.4
41.8742	-126.2267	2.8
40.3508	-124.6207	2.6
38.8053	-122.774	2.4
38.8057	-122.7742	2
38.7993	-122.7722	2.6
38.7877	-122.761	3.4
40.2157	-121.1032	2.5
38.8323	-122.7983	2
33.714	-116.8273	2
45.545	-119.9412	2
39.7361	-119.5742	2.29
37.7843	-121.9638	2.4
37.7863	-121.9658	3.3
41.733	-126.979	3.3
41.9799	-126.6772	4.2
36.605	-121.1545	2.1
37.7835	-121.9638	2
37.6588	-122.4918	2.8
37.657	-122.4962	2.1
37.7743	-121.9548	2.2
37.7743	-121.9452	3
39.2072	-111.8878	2.6
38.8165	-122.799	2.2
37.7855	-122.3102	2.3
33.225	-116.0048	2
34.2155	-117.4293	2.2
38.8027	-122.7702	2.5
38.7953	-122.8093	2.3
38.7947	-122.811	2.1
38.7675	-122.916	2
37.8596	-116.1791	2.41
40.1733	-121.0348	2
39.3768	-122.9043	2.1
38.8192	-122.8318	2
36.8422	-121.5718	2.5
34.018	-117.2337	3.1
38.8092	-122.824	2.6
40.2423	-124.1245	2.1
34.1222	-117.7677	2.1
39.632	-122.8348	2.2
36.3022	-119.7488	2.3
38.8263	-122.7992	2.2
31.5102	-115.4567	2.7
39.5895	-120.7107	2.3
38.7433	-122.7177	2
40.3017	-124.5447	2.1
37.3605	-121.7227	2.6
33.9955	-117.2165	2.2
40.416	-124.625	2.6
40.1835	-121.0572	2.3
32.7307	-116.065	2.4
33.9948	-117.2193	2.1
40.4895	-125.1707	2.3
38.9698	-111.4157	2.2
38.9608	-111.4087	2.1
39.7818	-120.6785	2.8
33.994	-117.218	2.1
37.775	-121.9467	2.9
39.7822	-120.6797	2.4
31.7622	-115.877	2.6
39.7835	-120.6807	3
39.7828	-120.6773	2.1
39.7823	-120.676	2.5
39.7807	-120.6822	2.9
33.9957	-117.2168	2.8
35.9667	-120.5143	2.8
36.2728	-120.33	3
32.8205	-115.4668	2
33.7933	-117.6387	2
41.3135	-125.2592	2.8
37.5293	-118.4363	2.3
41.2253	-125.14	2.3
41.3257	-125.2915	4.7
38.8107	-122.792	2.1
36.0122	-120.5763	2
40.4117	-123.798	2
36.5353	-121.1265	2
32.1522	-115.1882	2.7
38.8297	-122.8723	2
38.7972	-122.4722	2
36.248	-120.816	2.7
39.0043	-111.4805	2.6
43.66	-121.4343	2.2
34.3372	-116.4652	2.2
40.1067	-120.8972	2.1
38.8215	-122.8042	2
34.5038	-118.7975	2.1
34.0725	-117.5692	2.2
40.3747	-125.2532	2.8
32.2795	-115.3057	3.5
35.1173	-118.523	2.2
36.5663	-121.162	2
37.3023	-121.6742	2.2
38.3524	-118.6994	2.25
33.8588	-118.2748	2.8
40.2937	-124.4882	2.2
38.8035	-122.8105	2.4
34.5105	-118.8155	2.4
36.1967	-120.7623	2.9
35.1765	-117.1258	2.2
37.3835	-118.4523	2
38.8228	-122.8065	2.1
38.8177	-122.819	2.6
37.3885	-121.7397	2
38.7872	-122.7363	2.1
44.6973	-117.4637	2.7
32.9315	-115.5307	2.1
36.5657	-121.16	2.7
36.5642	-121.1567	2.5
34.2077	-117.0138	3
41.2112	-122.1097	2
35.0588	-118.3493	2
41.1331	-127.321	4.5
40.1877	-121.0238	2.3
35.6755	-117.514	2.4
33.2667	-115.9975	2.6
40.5433	-121.6668	2.3
36.6397	-121.2582	2
34.7072	-116.2962	2
38.8347	-122.8073	2
41.7323	-124.9238	2.4
41.127	-126.9557	3.4
34.0207	-116.5848	2.5
40.2998	-124.5573	2.5
40.4708	-121.523	2.3
38.9582	-111.4015	2.2
34.7077	-116.2923	3.2
36.0973	-117.8795	2.4
37.4805	-121.808	2.7
31.2802	-115.7652	3.4
31.253	-115.7043	2.7
31.2158	-115.7792	3.2
32.9497	-115.545	2
40.2873	-124.3752	2.4
37.3247	-119.9163	2.7
44.189	-116.4053	2.2
36.7873	-121.5258	2.8
39.5977	-121.5667	2.3
36.7185	-116.3408	2.66
36.8773	-121.6055	2.7
36.5873	-121.19	2.1
41.2515	-127.5998	2.7
38.814	-122.8163	2.1
36.2488	-120.8157	3.2
41.0897	-127.4181	3
40.2933	-124.5073	2.5
35.3472	-118.5765	2.2
33.164	-115.6533	2.4
34.4948	-116.5192	2.8
40.6805	-123.472	3.2
36.1463	-118.0682	2.1
38.7905	-122.7467	2.3
34.1135	-117.4385	2.5
33.343	-116.3908	2.3
38.8408	-122.8262	2.9
38.8308	-122.809	2.7
45.0643	-123.0828	2.1
39.8932	-120.8408	3.1
31.8075	-116.041	2.7
36.9057	-121.4947	2.2
40.2247	-121.1672	2.2
36.5868	-121.1902	2.3
36.0148	-117.5362	2.2
40.4415	-124.4983	2
38.8352	-122.7723	2.2
37.5222	-118.8277	2.7
40.2395	-120.3173	2.1
37.2651	-117.5799	3.07
38.3217	-113.071	2.4
34.6107	-120.6955	2.4
37.3873	-121.7362	2.5
33.2628	-116.0045	2.1
36.0492	-120.1918	2.1
32.2155	-115.2418	3
32.2417	-115.2493	2.8
38.8383	-122.8357	2.2
39.3064	-119.9897	2.08
32.2015	-115.1967	3.8
42.0067	-112.6255	2.2
38.7463	-122.721	2
38.7457	-122.7285	2.4
38.7487	-122.7197	2.2
38.7448	-122.7223	3.3
38.3243	-113.0675	2.3
36.7563	-121.3867	2
40.297	-124.507	3
39.3083	-119.9862	2.18
39.3083	-119.9894	2.01
35.9988	-115.8442	2.5
43.0477	-120.7992	2.1
41.972	-112.031	2
32.268	-115.2898	2.2
38.867	-122.9765	2.4
37.3423	-113.1665	2.4
38.9607	-111.4178	2
36.3805	-120.9585	2.4
40.5758	-124.5415	2.7
33.3618	-116.7602	2.3
40.7775	-123.7095	2
40.3938	-123.8345	2.1
39.7397	-123.5527	2.9
37.2918	-120.0268	2.3
38.8087	-122.81	2.6
40.298	-124.3792	2.4
37.0573	-116.0913	3.09
40.1927	-121.0415	2.2
36.1287	-120.2183	2.7
35.9437	-119.9208	2
37.0973	-119.47	2.5
37.4715	-118.8437	2.5
37.4703	-118.8438	3.2
37.4712	-118.8435	2.7
37.4713	-118.8433	3.2
43.2	-110.92	2.5
40.2408	-124.1675	2.1
33.0612	-115.581	2
39.3993	-123.267	2.1
38.8085	-122.8133	2
32.1977	-115.2495	3.1
40.4382	-124.3073	2
38.8205	-122.8225	2.4
36.5073	-121.0728	2.7
38.8357	-122.8093	2
38.8152	-122.8152	2
36.565	-121.1585	2.1
40.1858	-121.057	2.3
37.6863	-119.3933	2.5
32.4112	-115.551	2.3
32.4123	-115.5503	2.6
32.4078	-115.5478	2.6
32.9495	-115.5333	2.2
32.949	-115.5352	2
39.5555	-122.978	2
37.5128	-118.834	3.1
37.531	-118.8252	3.8
30.0798	-113.5066	4.7
33.571	-118.2972	2.2
33.5752	-118.3193	2.4
37.9058	-112.484	2.3
37.688	-119.395	2.2
37.7872	-121.9167	2.9
40.3923	-125.6323	2.4
40.9857	-123.3613	2.3
33.9658	-116.3705	2
38.7917	-122.757	2.1
33.6787	-116.7932	2.2
32.3857	-115.1632	3.7
39.3999	-119.5535	2.14
32.175	-115.2757	2.3
39.4005	-119.5533	2.26
38.9628	-111.4122	2.2
36.3077	-120.8717	2
35.0975	-117.1497	2
40.7408	-124.955	2.7
39.3978	-123.2703	3.1
37.2299	-116.8785	2.82
40.1635	-123.1647	2
42.9573	-111.0194	3.3
42.9602	-111.0168	2.7
36.8257	-121.3802	2.1
33.3102	-116.3947	2.5
36.5998	-121.2113	3.4
36.6463	-121.2705	2.6
43.4906	-111.0564	3.8
35.8347	-117.6975	2.3
31.2658	-115.5745	3.1
40.326	-124.3258	2.9
37.5135	-118.8698	2
39.7233	-122.8557	2
34.0707	-116.7665	2.4
35.8338	-121.1935	2.6
38.8373	-122.7518	2.1
38.8342	-122.7532	2
38.1198	-118.1346	2.14
33.6583	-118.4128	2.1
40.2955	-124.482	2.4
44.9095	-113.9796	2
31.2453	-115.6183	2.9
36.623	-121.1602	2.9
41.6033	-111.6838	3.6
40.7137	-122.4907	3
37.3835	-118.6777	2.9
40.3848	-124.9767	2.4
38.4187	-118.7618	2.09
41.5093	-111.7033	2.4
38.4149	-118.7438	2.57
38.4227	-118.7432	2.63
37.3893	-118.6782	2.6
37.3902	-118.6777	2.2
36.6233	-121.1587	2.7
38.8433	-117.8951	2.52
37.667	-122.4903	2
32.138	-117.4388	2.3
38.9595	-111.4057	2.1
33.6787	-116.7152	2.9
37.4603	-118.7477	2.2
36.6442	-121.2635	2.1
39.0777	-119.0483	2.22
38.8408	-122.831	2.1
38.8412	-122.8293	2.1
39.2795	-115.5941	2.62
35.1315	-119.1588	2.1
34.0335	-117.2355	2.1
40.2385	-121.1505	2.7
39.583	-118.1759	2.83
36.8227	-120.9255	2.2
33.8847	-118.3688	2.3
31.387	-115.4887	2.9
38.4068	-122.6182	2
40.7102	-122.4827	2.3
36.143	-118.4105	2
39.5676	-118.1784	2.7
40.704	-122.4997	2
36.6185	-121.228	2.3
40.7105	-122.4862	2.1
40.7083	-122.4832	2
33.2062	-115.674	2.4
40.7158	-122.4978	2.1
36.6985	-121.3353	2.4
38.8068	-122.8155	2
37.5258	-118.8517	2.1
38.7937	-122.8077	2.5
40.7077	-122.4892	2
37.8862	-122.2318	2.6
37.8837	-122.2242	2.7
37.8827	-122.2305	3.2
44.3568	-115.7323	2.7
36.1517	-118.0683	3.2
40.4007	-125.4605	3.3
40.1833	-121.0483	2.3
40.1903	-121.046	2.2
41.7185	-109.9087	3.4
40.4202	-125.899	2.7
33.2042	-115.677	2.6
33.2053	-115.6727	2.2
33.203	-115.6623	2
33.204	-115.677	3
33.2015	-115.676	3.6
33.2008	-115.6777	2.7
37.477	-121.8158	2.4
37.41	-121.7563	2
33.1987	-115.6792	2.1
33.2018	-115.677	2.2
33.2023	-115.6783	2.7
33.1995	-115.6767	2.2
33.1998	-115.6747	2.9
33.2032	-115.6745	2.7
33.2078	-115.676	2.6
33.205	-115.6748	3
36.1518	-118.0707	2
36.1513	-118.0713	2.8
37.3795	-118.4018	3.1
37.3845	-118.4063	2.1
33.205	-115.672	2.5
38.0258	-118.1791	2.26
32.6678	-115.91	2.4
32.6448	-118.1192	2.2
32.68	-118.1177	2.7
41.0947	-124.9243	2.5
33.004	-116.2363	2.2
32.5202	-115.269	2.1
37.0875	-112.9125	2.1
37.5247	-118.8513	2.8
38.799	-122.8107	2.4
38.9051	-115.3481	3.64
38.8222	-122.793	2.7
40.9835	-124.7498	4.9
40.19	-121.0465	2.6
37.5267	-118.851	2.3
38.0182	-118.1154	2.91
38.5982	-112.6083	2
36.0328	-119.8423	2.2
37.5265	-118.8538	2.2
37.5273	-118.8537	3.4
41.2412	-118.6513	2.69
37.5253	-118.8552	2.1
37.5275	-118.8535	2.6
37.5262	-118.8522	3.1
38.007	-118.1346	2.27
40.2787	-124.3943	2
35.6572	-118.4735	2
38.6018	-112.6063	2.4
33.9802	-116.437	2.3
38.6065	-112.6128	2.5
38.007	-118.1346	2.42
38.8108	-122.8235	2.7
38.5972	-112.5982	2
35.659	-118.4727	2.4
38.0201	-118.1397	2.17
38.9042	-111.5295	2.1
34.7078	-116.295	2.1
35.6592	-118.4725	3.4
38.8093	-122.8187	2.1
38.8418	-122.772	2.1
38.8355	-122.7693	2.7
33.19	-115.611	2.2
33.1885	-115.6073	2
33.1903	-115.6085	2.3
37.2345	-119.5677	2.4
34.0332	-117.246	2.1
38.9603	-111.3968	2
33.7958	-117.6445	2.6
32.324	-115.2998	3
38.7805	-122.7483	2.7
36.642	-121.2632	2.9
38.118	-115.9002	2.17
37.4755	-118.8447	2.2
37.4142	-121.7643	2.1
40.7928	-124.4155	2.5
38.8357	-122.7815	2.6
38.9623	-123.1983	2.4
40.2915	-124.5367	2.6
40.3052	-124.4877	2.6
38.8307	-122.8063	2.7
40.4075	-122.0778	2.5
33.9475	-116.744	2.5
39.3312	-121.8962	2
38.7765	-122.7195	2.5
35.9892	-117.2893	2.7
36.7293	-120.0278	2.5
38.8392	-122.83	2
32.2452	-115.3158	2.4
35.0328	-117.6763	2.1
32.2557	-115.3212	2.8
35.9862	-117.2907	2.6
38.8342	-122.8105	2.1
36.1128	-120.0275	2.2
32.2215	-115.2775	2.3
37.8837	-122.2327	3
33.7785	-115.9762	2.5
32.1927	-115.2222	2.6
34.7145	-116.2917	2.7
34.7127	-116.2952	2.4
32.9152	-115.8633	2.9
40.7017	-124.8103	2.2
34.7135	-116.2978	2.9
34.7105	-116.2948	3.6
39.4197	-123.2778	2.4
32.9735	-116.0705	2.8
40.14	-121.0722	2.5
33.738	-120.0765	2.7
34.7125	-116.2962	2
34.7147	-116.295	2.1
34.7123	-116.2933	2.1
34.7158	-116.298	2.1
34.7127	-116.2925	2.3
34.6982	-116.2957	2.5
34.6992	-116.2927	2.1
34.7117	-116.2947	2.4
34.7091667	-116.2938333	4.28
33.8007	-117.6427	2.3
33.7958	-117.6405	2.9
33.6947	-116.7093	2.3
33.6947	-116.717	2.5
33.6237	-116.7488	2.5
38.806	-122.8178	2.2
38.5295	-122.6023	2
40.3077	-124.445	2.6
35.569	-118.5347	2.4
38.8378	-122.8385	2.3
33.6993	-119.0435	2.5
36.7378	-121.3607	2.6
32.9352	-115.5428	2.4
36.5422	-121.133	2
36.544	-121.133	2.1
36.544	-121.134	2.9
40.1812	-120.9905	2.8
29.717	-113.889	4.3
45.165	-123.092	2.2
40.4365	-124.1527	3.9
40.4443	-119.3755	2.24
33.7998	-117.6842	3
34.4463	-119.2208	2
35.141	-119.1407	2.2
34.1387	-118.3648	2.1
40.7455	-122.311	2
33.9453	-116.7353	2.2
39.6712	-122.1263	2.2
38.8153	-122.8127	2.4
37.029	-110.8122	2.2
34.7128	-116.2938	2.1
37.3263	-122.0972	2.4
38.8328	-122.8005	3.1
44.551	-117.4118	2.4
40.2885	-124.3973	2.2
37.495	-118.7358	2.4
35.5885	-118.5463	2.1
32.1433	-117.602	3.2
39.4057	-122.1218	2.1
36.6185	-120.1387	2.3
34.1567	-116.8077	2.4
32.1468	-117.6073	3
38.809	-122.812	2
38.0653	-118.9367	2.1
36.1182	-117.6933	2.5
38.834	-122.8022	2.5
38.8343	-122.7948	2.7
37.1587	-121.551	2.4
37.7113	-122.5288	2.3
38.8	-122.8155	2.1
38.8408	-122.8292	2
34.0313	-117.2472	2.7
34.0845	-116.4748	2.1
37.7025	-119.409	2.3
32.8737	-115.9947	3.7
34.0757	-117.7895	2.2
33.6263	-116.757	2.3
35.6597	-118.4697	2
40.6103	-124.8747	2.9
38.8057	-122.7383	2.8
38.7605	-122.743	2.1
41.8653	-112.6803	2.4
37.8608	-122.212	2.3
37.5897	-118.8845	2.2
39.4313	-115.7728	2.25
32.9003	-116.2872	3.6
37.6395	-118.9507	2.1
37.2535	-121.637	2.4
32.8973	-116.2755	3.3
36.8283	-121.5617	2.4
37.3657	-118.4162	2.8
38.8168	-122.796	2.1
34.2123	-119.0523	2.1
43.9121	-113.7955	2.3
32.5798	-115.688	2.8
41.7178	-109.8507	3.1
37.1914	-114.8748	2.21
34.2225	-117.581	2.2
39.4395	-123.3807	2.2
40.3597	-124.229	2.2
33.5187	-115.8563	2
40.3658	-122.1783	2.2
40.4417	-124.507	2.2
40.4362	-124.539	2.2
37.8073	-121.9367	2
37.3383	-115.9994	2.05
38.7867	-122.7772	2.2
35.7478	-118.0315	2.4
33.5307	-115.8655	2.6
37.8088	-121.939	2
40.4363	-124.5478	2.2
38.8252	-122.799	2
40.4642	-121.5215	2
33.0573	-115.56	2.1
33.4278	-116.4478	2.5
35.5765	-118.5383	2
36.7562	-121.3497	2.8
40.1972	-121.036	2.4
32.8833	-116.2583	2
33.1508	-115.9765	2.2
33.3452	-116.3548	2.3
33.1738	-115.594	2
41.1242	-111.6405	2.2
38.8132	-122.7973	2
35.5767	-118.54	2.3
32.5083	-115.6437	2.1
35.0757	-118.3345	2.1
40.455	-123.4072	3.8
44.2445	-123.2515	2.1
32.0487	-115.0075	3.2
39.4226	-119.8661	2.22
38.6527	-119.426	2.95
40.3722	-125.1877	2.6
33.3022	-115.6657	2.1
35.6607	-118.4665	2.6
38.7995	-122.8112	2
40.5255	-124.4668	2.6
36.4672	-121.0467	2.3
40.5257	-124.8713	2.8
39.4305	-123.4077	2
34.2856	-110.3263	2.8
33.0552	-115.5532	2.1
35.8712	-116.749	2.8
35.941	-119.9013	2
37.9108	-121.9623	2
40.1438	-121.0553	2.1
36.1992	-112.1335	2.6
34.4512	-117.9588	2.2
35.5815	-118.5542	2.2
35.4858	-118.2857	2.1
33.463	-116.6093	2.5
33.4683	-116.6017	2.3
33.4608	-116.6035	3.4
35.748	-118.032	2
37.6403	-118.9408	2.2
35.748	-118.0315	2.2
35.5827	-118.5415	2
35.6598	-118.4707	2.5
39.8575	-121.9883	2.8
39.6192	-111.1535	2.1
33.5347	-118.3165	2.8
37.2662	-121.646	2.1
38.8275	-122.802	2.5
37.6017	-122.4522	2
37.8738	-121.987	2
40.1433	-123.1993	2.1
40.1503	-123.1993	2.3
32.2547	-115.2542	3.2
37.9082	-120.5137	2.1
36.1497	-118.071	2.1
39.3813	-123.2997	2.6
44.516	-115.8771	2.3
38.7945	-122.7543	2.2
34.0783	-117.7882	2.6
34.0955	-117.5062	2
33.3407	-116.3905	3.8
41.5332	-125.6543	2.1
36.1223	-117.692	2
40.3708	-121.7343	2
34.0817	-117.784	3.8
34.0817	-117.785	3.7
31.7887	-115.0182	2.9
34.667	-121.3952	2.4
38.355	-121.0418	2
38.8297	-122.7982	2.5
33.9323	-116.36	2.7
39.4187	-123.285	2
32.879	-116.2528	3.2
36.0398	-118.8695	2.3
39.2703	-123.2177	2
40.1605	-121.0778	2
35.072	-118.3342	2.2
40.1625	-121.0805	3
40.1553	-121.0828	3
39.602	-121.5682	2
36.2763	-120.4463	2.5
40.857	-123.2512	2.5
31.781	-115.027	2.8
37.3168	-122.1025	2.2
32.5903	-115.727	2.2
37.5105	-115.4841	3.66
35.5265	-120.835	2.2
40.1497	-121.053	2.4
40.9863	-123.4412	2.2
36.9683	-116.137	2.39
40.1898	-121.0635	2.8
34.0775	-117.7878	2
34.693	-116.27	2.5
34.6922	-116.2702	2
33.702	-117.4845	2
40.1395	-123.8495	2.1
36.1145	-117.7018	2.3
33.5027	-116.4548	2.6
39.5037	-123.3468	2
39.9453	-120.8465	2.4
32.4113	-115.2148	4.1
34.1832	-116.9532	2.5
40.7917	-124.3407	2.5
40.2458	-121.1872	2.2
33.9797	-118.3635	2
33.7915	-117.6348	2.7
38.8365	-122.7763	2
37.7167	-122.128	2
31.594	-115.5695	2.7
31.7723	-115.6993	2.8
39.2287	-122.7018	3.1
39.2202	-122.7128	2.2
39.233	-122.7038	2.1
39.2355	-122.7053	2.1
40.1637	-121.0567	2.2
37.4603	-118.8403	2.2
35.675	-119.9188	2
35.6735	-119.925	2
37.5977	-122.4537	2
33.8338	-116.8047	2
40.5578	-122.2692	2.1
37.5395	-121.9262	2.9
34.0743	-117.7907	2
35.9133	-117.696	2.2
40.1695	-121.0652	2
34.0772	-117.7867	2.6
38.8123	-122.8155	2.1
34.022	-117.2297	2
40.4178	-125.4287	2.7
37.9448	-122.064	2.4
37.9457	-122.0618	2
35.8518	-120.4002	3
40.1748	-121.0622	2
35.7645	-117.6037	3.2
34.0757	-117.7903	2.3
34.0783	-117.7903	2.1
37.9443	-122.0612	2.9
36.8313	-113.7157	2.2
34.0768	-117.7892	2.2
34.0237	-117.2268	2.1
36.6895	-121.285	2
38.8452	-122.7635	2
38.8405	-122.8298	2
34.05	-119.3207	2.4
40.8052	-125.433	4
40.4137	-120.0225	2.2
38.807	-122.814	2.2
37.5097	-118.6333	2.3
40.3138	-124.8638	2.6
36.5747	-121.0338	2.6
36.1188	-117.6933	2.8
40.262	-124.2912	3.2
34.2948	-118.4728	2.5
32.9048	-115.9553	2.4
40.4163	-124.9773	2.4
40.1697	-121.0518	2
34.3013	-116.8413	2.2
37.0475	-112.6155	2.2
35.5222	-120.8132	2.3
32.977	-109.4408	2.9
33.1768	-109.3851	2.5
40.1702	-121.0683	2.2
39.6188	-111.4907	2
38.8182	-122.7993	2.5
37.3732	-118.5765	2
37.3643	-118.5762	3.3
32.8767	-116.2462	2.8
35.6487	-119.9645	2.4
38.7877	-122.7438	2.2
37.5155	-121.885	2.5
40.7612	-122.3155	2
35.0777	-116.3653	2
31.7407	-114.9922	3.1
32.9955	-116.2373	2.1
36.1152	-117.6957	2
33.5047	-116.475	2.3
39.4935	-120.2703	2
33.0543	-115.5602	2.6
35.9575	-115.1873	2.5
38.7222	-119.623	2.5
38.7233	-119.6177	2
39.2735	-123.4328	2
36.4668	-121.044	2.1
40.2943	-124.5003	2.6
40.442	-124.6685	2.7
36.1145	-117.6955	2.3
36.1185	-117.6962	2
33.2922	-116.4223	3.2
37.5128	-118.8687	2.3
45.305	-121.749	2
40.4457	-124.3878	2.4
32.5772	-115.6797	2.2
40.4557	-124.3968	2.1
31.7322	-115.0433	3.1
34.1602	-116.4215	2.1
31.6093	-115.9843	2.3
36.2228	-120.7867	2
36.5437	-121.0977	2.1
42.8399	-126.7683	2.6
40.4477	-116.9996	2.9
44.2461	-114.0728	2.2
40.2997	-121.689	2
35.8935	-119.9762	2.1
40.3752	-124.47	2.4
38.7872	-122.764	2.4
44.3695	-113.9936	2.3
38.8222	-122.8073	2
32.5025	-115.6525	2.2
31.7278	-115.0445	2.7
37.3652	-121.7227	2.5
31.908	-117.1173	2.2
44.25	-114.08	2.7
37.4618	-118.8435	2.3
38.8357	-122.8107	2.2
40.189	-121.0443	2.8
37.637	-118.9398	2
39.5572	-121.5318	2.2
41.0515	-125.428	2.5
38.8347	-122.88	2.9
38.8323	-122.8768	2.5
35.6092	-121.361	2.2
38.7838	-122.7438	2.1
40.554	-122.243	2.8
37.7723	-122.6235	2.2
31.785	-114.979	2.7
31.7255	-115.0247	3
40.346	-121.9323	2.1
32.1523	-116.7857	2.9
38.8122	-122.7883	2.6
40.157	-121.0625	2.2
34.5832	-116.8048	2.5
40.1567	-121.063	2.3
40.3907	-124.6515	3
44.1083	-113.8963	2.3
35.9135	-119.8817	2
38.4195	-122.4492	2.2
36.2087	-117.8898	2
36.2087	-117.8902	2.7
31.5907	-115.339	2.5
37.6388	-118.939	3.1
38.4743	-119.6177	2.4
40.2965	-124.6883	2
34.0318	-117.2477	2.8
36.586	-121.0585	2
34.066	-117.2693	2.1
40.2192	-121.1023	2.5
39.0807	-115.5021	3.84
39.9403	-120.4155	2.3
38.8143	-122.8188	2.2
37.1032	-121.8318	2.3
38.7905	-122.807	2.8
38.8212	-122.813	2.5
38.7908	-122.8095	2.3
38.4868	-119.6003	2.3
37.6287	-118.9833	2.3
37.403	-121.753	2.2
37.4018	-121.754	2.2
38.7757	-122.7162	2
37.1924	-117.2738	2.36
40.1867	-121.0618	2
38.7642	-122.7132	2.1
38.762	-122.7125	3.8
34.0052	-118.3565	2.1
39.8179	-119.5056	2.7
38.8095	-122.811	2.2
34.7733	-118.9198	2.1
34.738	-116.4282	2.2
37.42	-118.6215	2.3
35.931	-117.6335	2.5
32.2552	-115.3043	3.3
29.6588	-114.0922	4.2
33.8363	-117.7652	2
33.506	-116.473	2
39.0212	-122.573	2.1
39.0195	-122.5817	2
40.6933	-118.7374	2.28
39.6695	-119.6838	4.23
45.2962	-121.7493	2
39.6692	-119.6861	2.38
38.4733	-119.6137	2.4
40.4903	-122.0823	2.5
34.1987	-116.8568	2.3
40.2618	-121.1503	2.1
40.2425	-124.118	2
41.3403	-112.6937	2
38.8253	-122.805	2
35.988	-120.5607	2
40.518	-122.2252	2.4
35.4813	-118.2883	2.2
35.485	-118.2847	2.6
32.9137	-116.2692	2
35.479	-118.2885	3.6
35.4803	-118.2853	4.2
40.322	-124.4423	2.8
32.1165	-115.1563	2.7
41.3372	-112.699	2
38.8405	-122.8372	2
37.5965	-121.8237	2.1
34.6872	-117.1875	2.9
40.3558	-124.48	2
38.8153	-122.82	2.4
40.3895	-124.5875	2.2
38.7893	-122.7278	2
34.0113	-116.6273	3
35.4703	-118.5225	2.8
39.5237	-123.4345	2
32.8852	-116.2565	2.7
36.7842	-121.4483	2
40.5682	-125.0627	2.4
38.8275	-122.8045	2
34.5667	-120.9567	4.1
40.4172	-124.294	2.7
34.574	-120.9547	2.6
40.2825	-124.5727	2.4
31.7253	-116.6653	2.8
38.7847	-122.7718	2.1
38.8103	-122.795	2.3
31.6687	-116.0633	3.3
38.8342	-122.7773	2
30.2578	-113.5327	4
39.6682	-119.6849	2.35
32.3758	-115.221	2
40.943	-121.653	2.1
35.4695	-118.522	2.1
35.4693	-118.5202	2
40.303	-124.5645	2.4
33.4323	-117.0887	3.6
36.6707	-121.2975	2.4
40.4935	-124.284	2.9
40.2803	-117.5838	2.29
34.4018	-118.6188	2.1
37.484	-118.8387	2.1
34.3128	-118.4087	2.6
34.0342	-117.2448	2.7
33.979	-116.9603	2
33.0365	-115.5582	2
33.0403	-115.5618	2.5
32.9748	-115.5767	2
33.049	-115.5667	2.2
34.0038	-117.2162	2.2
34.7208	-118.5585	2.6
33.052	-115.5673	2.3
35.4817	-118.2873	3.1
33.114	-115.5855	2.9
32.881	-116.2525	2.1
35.7127	-121.086	2.2
31.7155	-115.8992	2.6
37.9122	-120.5117	2.1
39.3647	-111.5367	2.1
40.1688	-121.0365	2
39.3565	-111.5433	2.2
39.3762	-111.5288	2.1
40.1723	-121.0238	2.1
40.163	-121.0307	2.1
40.1477	-121.0368	2.1
40.16	-121.0302	2.4
40.16	-121.028	3.6
40.1585	-121.0458	3
40.1702	-121.0345	3.1
40.1453	-121.0302	3.4
40.3363	-124.1153	2.8
40.3315	-124.1072	2.5
40.3592	-124.0898	2.8
40.332	-124.117	2.7
40.3577	-124.0922	3.2
41.802	-126.7927	4.3
37.9896	-114.4008	2.11
38.7737	-122.7353	2.8
38.0765	-119.1337	2.1
38.013	-114.4345	2.17
39.6763	-123.4545	2.4
32.2727	-115.3825	2.4
41.8133	-124.9847	2.4
37.7242	-122.533	2.1
39.2273	-120.484	2.6
36.0137	-121.554	2
33.6887	-118.1288	2
31.2398	-114.4123	3.2
40.3555	-121.9237	2.8
31.4067	-115.7645	2.7
31.5167	-115.642	2.4
32.8455	-116.272	2.1
37.3358	-121.6998	2.4
38.023	-118.0723	2.32
33.9427	-117.3598	2.2
41.2577	-123.4602	2.9
45.6133	-122.3662	2
32.146	-115.2417	3.1
35.4823	-118.287	3.3
38.8107	-122.8133	2.3
36.9612	-120.0192	2.3
37.3492	-121.7113	2.1
33.1837	-115.9718	2.2
33.1852	-115.9733	3.2
36.7463	-117.259	2.3
37.5202	-112.3087	2.5
38.8217	-122.7617	2.7
34.0615	-116.6708	2
37.6185	-118.8055	2.2
40.608	-122.3375	2
37.5218	-112.3173	2.6
40.2825	-124.3565	2.2
38.7942	-122.7833	2.6
34.219	-117.4767	2.2
37.8778	-122.0318	2.1
36.4298	-118.0528	2.2
37.6175	-118.8032	2.9
36.4147	-120.9945	2.3
38.7775	-115.8932	2.39
40.3045	-124.4743	2.5
45.2993	-121.7518	2.7
40.2688	-121.2197	2.1
35.024	-115.0652	2.3
40.2475	-121.214	2.5
36.0118	-117.8003	2.3
32.9098	-115.5343	2.4
38.8343	-122.8123	2
37.808	-113.1732	3
38.0273	-118.0882	3.04
32.8802	-116.2525	2.1
40.3283	-124.4642	2
36.2782	-120.8497	2.1
38.6904	-118.6934	2.19
38.9295	-121.0115	2.1
40.1935	-121.0443	2.2
36.0452	-120.1083	2
40.166	-121.0625	2.4
36.4759	-110.4397	2.8
40.165	-121.0662	2.1
33.5515	-116.6167	2.2
37.716	-121.9948	2.2
33.796	-118.398	2
34.2913	-116.7642	2.5
36.0215	-117.776	3.8
37.413	-118.6007	2.4
39.336	-123.1687	2.1
34.2892	-116.767	2.9
40.2572	-121.2433	2.3
35.8282	-119.9013	2
31.8717	-115.7545	2.5
40.7965	-124.4405	2.4
32.8773	-116.2543	2
32.8773	-116.2548	2
38.8243	-122.805	2
40.3893	-124.2417	2.1
32.8803	-116.2562	2.1
40.165	-121.346	2.1
40.1628	-121.352	2.1
34.706	-120.378	2.7
40.3707	-124.5767	2.5
36.6803	-121.3073	3
40.6718	-125.142	2.6
35.4848	-118.286	2.3
32.8795	-116.2543	3.3
35.5593	-118.5188	2.3
32.8797	-116.256	3.8
32.8772	-116.2553	3.9
33.1253	-117.6602	2.1
39.9935	-123.7868	2
32.8848	-116.2545	2.4
40.275	-121.2283	2.1
32.881	-116.2525	2.9
36.0675	-120.1013	2.2
33.9587	-118.4257	2.7
36.0628	-120.0883	2.9
36.0523	-120.0983	2.9
36.059	-120.0917	2.1
38.4766	-118.1422	2.1
40.1912	-121.043	2
39.4638	-119.3692	2.2
35.9812	-120.549	2.1
36.777	-121.5077	2.6
40.4537	-124.7447	2.2
35.3717	-118.5308	2
36.4125	-120.9938	2.9
36.4695	-121.0463	2.2
40.204	-121.1362	2.2
40.3465	-125.0167	2.3
33.514	-116.4497	2.7
33.998	-117.2312	2.2
41.7187	-110.6782	2.6
38.8352	-122.8003	2.8
36.4782	-120.5727	2.1
32.463	-116.0312	2.1
32.8827	-116.2527	2.5
32.881	-116.2567	3
38.8405	-122.8298	2
33.0285	-117.8525	2.2
40.9012	-123.8567	2
43.1538	-126.795	3
40.1948	-121.0387	3
37.7715	-113.1303	2
43.7401	-114.8668	2.2
38.6552	-119.5325	2.1
40.319	-124.5263	2.3
35.8602	-120.4128	2.5
42.9783	-126.199	2.9
36.07	-120.6432	3
36.0762	-120.6392	3.4
33.2925	-116.7413	2.2
40.2845	-124.3782	2
38.8168	-122.819	2
38.6492	-119.5757	2.2
37.3172	-121.6807	2.9
40.3592	-124.5277	2.1
30.1653	-113.7456	4.4
36.8472	-120.8443	2.8
41.0148	-117.287	2.42
31.4308	-115.6527	2.6
34.9917	-118.5345	2.8
38.742	-122.7078	2.2
39.4663	-116.9868	2.85
36.145	-118.0722	2.3
32.61	-115.7483	2
32.3738	-117.8572	2.5
36.1445	-118.0707	2.5
37.8173	-119.9217	2.2
36.6153	-116.8458	2.1
36.1435	-118.0718	3
36.1423	-118.0725	2.1
36.1403	-118.0662	3.9
38.2333	-122.1528	2.2
40.5698	-124.4897	2.3
34.3678	-120.8823	2.6
37.3363	-115.5058	2.4
36.0697	-117.648	2.3
33.8907	-117.8028	2.5
37.5943	-122.4275	2.8
34.9002	-119.0308	2.8
44.5565	-114.0668	2.5
40.7865	-124.4802	2.4
40.8082	-124.4018	4.5
36.222	-118.3187	2.2
37.391	-121.7392	2.8
40.4078	-125.6768	2.7
40.2093	-121.0813	2.2
38.7528	-122.7118	3.2
36.596	-121.2018	2.4
38.8488	-122.4855	2.1
44.7603	-116.1873	2
44.786	-116.2091	2
38.855	-122.4703	2
39.6113	-123.0038	2.4
44.8032	-116.3151	3.1
37.3767	-112.4463	2.1
40.3852	-125.0235	2.8
39.6003	-121.5687	2.2
39.5958	-121.5782	2
32.192	-115.2317	2.6
38.2313	-122.1653	2.7
35.3642	-118.7033	2.2
32.67	-115.9715	2
40.5062	-124.737	2.5
40.3537	-123.9888	2.5
44.6341	-116.1268	2.2
36.7155	-121.3423	2.1
34.6105	-115.9475	2.3
38.8157	-122.8123	2
37.1805	-121.5725	2.2
38.7887	-122.778	2.4
40.2063	-121.1112	2.4
39.0999	-118.9957	2.01
40.1703	-121.0533	2.3
34.361	-120.8677	2
40.374	-125.8443	2.8
38.8173	-122.8152	2
39.9892	-120.8745	3.1
39.7922	-122.0845	2.3
36.6508	-121.2708	2.6
40.2402	-125.3883	2.7
35.482	-118.286	2.8
37.292	-114.1783	2.4
36.3047	-119.0103	2
37.0525	-121.4855	2.8
45.965	-119.2783	2
38.3362	-113.2758	2.2
38.327	-119.3208	2.1
40.443	-124.3587	2.8
40.1693	-121.0557	2
38.7638	-111.7555	2.1
40.3548	-125.1372	2.8
32.231	-116.5813	2.1
44.5168	-115.8828	2
37.635	-118.8797	2
37.6367	-118.8802	2.3
38.8047	-122.7908	2.8
35.8445	-121.1832	2.2
35.4823	-118.2872	3.2
34.2693	-116.7797	2.6
37.5307	-115.4983	2.96
42.5145	-111.4678	2.9
39.204	-116.9126	2.01
35.5518	-120.7837	2.6
31.8887	-115.0448	2.5
42.4888	-111.4113	2.1
38.5496	-116.7706	2.13
43.8568	-113.7191	2.1
40.1832	-121.0152	2.1
40.284	-124.4575	2.2
32.092	-115.083	3.1
42.4947	-111.429	2.8
33.9613	-117.1325	2.2
37.4703	-118.8138	2.2
32.9723	-115.8805	3.1
38.4141	-118.7472	2.06
40.4242	-127.092	3.5
38.868	-122.9768	2
38.406	-118.7454	2.97
34.4798	-120.8788	2
43.986	-121.2317	2.2
38.8102	-122.8113	3.3
40.2803	-124.4763	2
40.287	-124.4528	2
33.7688	-115.9555	2.2
40.3597	-127.2367	2.9
40.5603	-127.1532	3.2
41.1508	-123.8095	2.7
38.8285	-122.8657	2
37.3245	-122.0978	2.2
35.4835	-118.2852	2.7
35.486	-118.2875	4.3
32.2462	-115.2702	2.4
32.766	-115.5183	2.4
34.4175	-119.9322	2.1
37.4413	-118.6373	2.8
38.4482	-122.7352	2.9
38.1215	-118.3095	2.58
44.4165	-124.4785	2
38.0548	-121.9187	2.2
33.9223	-118.4717	2.4
34.3933	-119.029	2.4
44.3793	-122.3477	2.2
40.2107	-121.1115	2.1
40.3552	-124.8182	2.3
37.0587	-121.4958	2.5
40.1912	-121.1257	2
37.4183	-119.0183	2.2
34.8345	-118.9513	2.6
39.9743	-126.3375	3.4
36.8543	-121.3173	2
40.1883	-121.0428	2.3
35.5177	-118.1625	2.4
40.1925	-121.0422	2.4
33.942	-116.736	3.2
40.1813	-121.05	3
40.185	-121.0413	2
40.1957	-121.0422	2
40.1882	-121.0413	3
32.9652	-116.276	2.4
32.2282	-115.237	2.5
36.5443	-121.1367	2.7
37.9782	-122.0502	2.2
40.187	-121.0408	2.2
34.0193	-117.2232	2.1
40.1975	-121.039	2.3
38.792	-122.8118	2.1
43.3459	-126.4023	4.2
33.1222	-117.6693	2.8
36.6275	-120.9902	2.2
39.3637	-112.0748	2
38.3693	-118.3387	2.47
37.1595	-118.6482	2
41.2462	-108.7898	2.9
40.4092	-124.6512	2.5
36.569	-121.1625	3.2
40.1627	-121.0548	2.1
40.1575	-121.0568	2
39.5615	-121.9835	2.4
40.157	-121.0598	2.2
31.9317	-115.006	3.2
33.9703	-116.8747	2.3
41.0935	-125.0553	3.5
38.3696	-118.3355	2.78
44.1801	-114.5313	3.3
33.5075	-116.4742	2.6
37.1573	-121.5622	2.3
38.8088	-122.8185	3.1
34.3208	-116.8502	2
40.1883	-121.0675	2
40.2087	-121.0285	2.2
38.84	-122.835	2
33.3158	-116.3442	2.9
36.1457	-119.521	2.5
36.0668	-119.6518	2.3
35.5272	-116.7817	2.2
33.9292	-116.9503	2.1
37.5615	-122.4252	2.1
38.7743	-122.746	2.1
40.188	-121.0653	2.4
37.7508	-122.6092	2.4
37.159	-117.3785	2.24
40.1823	-121.0687	2.5
37.3165	-122.0983	2.3
37.432	-121.772	3.3
40.2342	-121.1225	2.4
36.9307	-113.6185	2.2
33.0322	-116.4252	2
33.03	-116.4288	2.3
34.5167	-117.022	2
38.8388	-122.8287	2
39.8115	-122.8875	2.8
37.1447	-119.314	2
32.6048	-117.2922	2
40.1983	-121.0462	2
32.1198	-115.3023	2.2
32.2045	-115.1817	2.6
38.8033	-122.7768	2.2
38.8145	-122.795	2.3
38.8082	-122.7947	3.7
39.237	-123.219	2.1
31.9795	-115.0632	2.3
38.8202	-122.7663	2
37.6313	-118.8712	2.6
32.1612	-115.172	2.7
32.1873	-115.3053	2.4
40.8722	-124.7223	3.1
32.4682	-116.9282	2.2
32.2048	-115.3495	2.1
33.8687	-118.3118	2
38.754	-122.4238	2
34.3097	-116.9727	2.3
36.3375	-120.8377	2.8
35.6695	-118.468	2.4
40.1013	-121.082	2.6
32.1238	-115.2578	3.2
31.8353	-114.9063	3.2
41.1265	-122.0912	2.1
33.5108	-116.4782	2
32.2155	-115.2122	2.2
40.3088	-124.5862	2.4
38.8222	-118.6455	2.18
38.826	-118.6418	2.07
40.362	-124.9588	2.6
40.3585	-124.555	2.2
40.3438	-124.6793	2.5
32.5485	-115.663	2.7
39.7303	-122.6187	2.3
32.1307	-115.0922	2.4
42.5615	-120.4147	2.2
32.2462	-115.3033	2.1
32.1413	-115.1223	2.7
39.6153	-121.5643	2.3
39.9523	-120.7088	2.1
37.3533	-114.6994	2.19
40.214	-121.106	2
44.3986	-114.6585	2.3
34.6093	-119.061	2.3
37.4495	-118.6525	2.2
32.8357	-117.2343	2.3
38.7905	-122.7682	2.1
40.2	-121.0963	2.2
33.0983	-115.6175	2.2
32.837	-115.9662	2.3
40.4837	-111.353	2.3
36.0468	-117.8702	2.2
35.7278	-121.1122	3
36.2392	-120.801	2.1
35.9648	-120.526	2.1
40.1888	-121.0443	2.3
40.2238	-125.2227	2.8
40.1913	-121.0407	2.7
36.0312	-120.5953	2.1
33.5265	-116.4428	2.3
35.569	-118.5312	2.5
39.7118	-123.1487	2
40.3657	-125.0322	2.8
40.1897	-121.0498	2
36.4564	-112.5756	3.5
33.5113	-116.4807	2.7
44.4341	-114.1343	2.6
40.2077	-121.0238	3.4
32.4335	-115.2307	2.4
36.6777	-121.2773	2.8
36.5608	-121.1338	2.2
40.3432	-124.422	2.1
38.82	-122.7652	2.1
40.285	-124.4535	2.6
40.9262	-124.439	3.3
36.5587	-121.1317	2
40.3445	-124.5157	2.5
34.0227	-117.2357	2.4
36.5618	-121.1335	2.4
34.9747	-120.749	2.5
39.075	-123.1482	2
38.7018	-122.458	2
38.8413	-122.8092	2
38.3776	-116.3838	2.03
32.244	-115.3128	2.5
34.9047	-119.2108	2.9
33.6547	-118.3975	2.1
38.797	-122.8145	2.4
38.8003	-122.8133	2.4
40.087	-119.6782	2.79
32.2092	-115.278	2.4
38.8118	-122.8148	3.2
37.9742	-118.09	2.06
36.6365	-121.2547	2
36.64	-121.2573	2.3
36.6392	-121.2555	3.4
36.6398	-121.2562	2.7
36.2278	-120.3532	2.4
33.9967	-117.1677	2.9
38.6172	-121.9962	2
36.2262	-120.3475	2
36.8557	-121.3195	2.5
38.8348	-122.7997	2
37.3232	-122.1	2.1
32.7815	-115.9792	2.2
33.9757	-118.4377	2
33.6697	-116.7195	2.3
34.3097	-119.8185	2
40.3703	-124.265	2.8
40.0849	-116.7815	2.5
33.2585	-115.9883	2.1
32.961	-115.4948	2.2
32.2157	-115.2232	2.4
34.3288	-119.0645	2
37.5203	-118.8737	2.1
40.4147	-125.2588	3
32.558	-115.6838	2
33.9585	-118.4127	2.7
37.5752	-118.9235	2.6
38.7918	-122.801	2
40.3863	-124.7252	2.5
32.9097	-116.2412	2.4
43.6457	-120.9133	2.5
39.3753	-120.4532	2
33.2488	-116	2.5
33.2492	-116.0047	3.3
33.1947	-115.5793	2.1
33.1827	-115.5758	2.1
33.1937	-115.5807	2.3
33.1882	-115.5807	2
36.561	-121.1338	2
37.6868	-121.6492	2.4
37.6905	-121.6497	2.8
40.1862	-121.0678	3
36.5608	-121.1338	2.1
36.5608	-121.1313	2.4
32.9552	-117.7325	2.5
33.039	-116.4403	2.2
33.6245	-116.6957	3.4
33.6433	-116.6917	2.6
40.1627	-121.0607	2
40.1895	-121.0718	2.4
36.7633	-121.4727	2.8
36.7627	-121.4788	2
36.7537	-121.4702	3.9
32.1918	-116.2948	2.3
36.7027	-121.167	2
41.7745	-110.6017	2.4
38.268	-118.8012	2.06
38.1985	-118.8672	2
38.2695	-118.8051	2
34.9885	-116.9468	2.2
40.736	-119.2457	2.09
36.2823	-120.4435	2
38.1565	-121.939	2.5
40.49	-124.0012	2
32.8957	-115.9513	2
38.5613	-122.0507	2.3
40.1737	-121.0577	2.2
33.6967	-116.796	2.2
38.4327	-118.731	2.66
39.475	-110.3487	2.2
35.8772	-116.8328	2.5
38.6796	-117.0778	2.17
36.1122	-120.0715	2.5
36.2015	-120.3002	2.2
38.15	-121.9265	2
38.1517	-121.9317	2.6
40.4848	-123.9925	2.5
32.2478	-115.3033	3.2
43.224	-120.517	2.3
32.2965	-115.3548	2.6
40.1627	-121.065	2.4
32.2602	-115.291	2.4
38.8422	-122.828	2
32.6822	-117.3403	3
32.288	-115.3767	2.2
32.23	-115.3112	2.3
32.2872	-115.3897	2.1
32.294	-115.3198	2.6
38.8358	-122.7828	2.3
39.5763	-118.042	2.23
40.936	-123.6058	2.5
40.2508	-121.2355	2.3
37.7878	-122.23	2.4
36.2167	-117.9127	2.2
32.2783	-115.2727	2.9
34.9295	-116.7073	2.2
33.7428	-115.935	2.3
40.3712	-124.4263	2.6
33.739	-115.9453	3
37.3187	-122.1072	2.2
33.9428	-116.7258	2.8
38.8127	-122.8203	2.1
32.2402	-115.2478	2.6
38.8132	-122.8103	2.4
36.5847	-120.8372	2.2
32.1385	-115.2073	3
33.7472	-115.9412	2.2
38.818	-122.8042	2
38.8123	-122.8192	2.4
33.8505	-116.8235	2.1
38.0247	-118.0649	2.65
38.9512	-122.7063	2.3
40.2957	-123.5513	2.2
40.1882	-121.0553	2.6
32.2563	-115.2718	2.5
32.2455	-115.2352	2.5
38.818	-122.8125	2
35.3125	-118.585	2
36.242	-120.8038	2.9
32.9483	-115.5252	2.5
36.0173	-120.5848	2.3
33.746	-115.9422	2
40.2945	-124.5152	2
38.8037	-122.7382	2.4
40.1438	-121.0667	2.2
37.637	-118.9223	2.5
36.2917	-120.4227	2
37.6378	-118.9227	2.6
43.6545	-120.9172	2.1
40.174	-121.0545	2.4
38.8205	-122.8078	2
40.4063	-125.0025	2.5
34.4278	-119.905	2.1
32.0955	-117.4522	2.1
38.7738	-122.7417	2.3
34.6163	-116.6643	2.9
38.811	-122.79	2
40.1827	-121.0452	2.4
32.9527	-115.5352	2.8
32.9563	-115.5103	2.8
40.14	-121.0653	2.8
34.0758	-117.2947	2.1
34.0733	-117.4818	2.5
40.4113	-123.7313	2.1
45.7175	-118.1588	2.1
32.8978	-116.2715	2.1
31.2573	-115.75	3.9
42.9906	-110.821	2.1
37.0263	-119.2212	2
40.1947	-121.1003	2.5
36.2307	-120.7918	2
43.016	-110.819	3.1
40.162	-121.0643	2.2
40.1893	-121.1013	2.1
38.8287	-122.8012	2.3
39.1105	-119.7182	2.75
36.5545	-121.127	2
35.6688	-121.1213	2
38.8252	-122.8658	2.1
38.8395	-122.8022	2
35.9253	-120.4783	3
37.6037	-122.4603	2.7
40.1585	-121.0667	2.5
40.2382	-125.015	2.2
37.3258	-122.0978	2
34.0727	-117.482	2.6
34.069	-117.487	2.4
34.0093	-117.1718	3.1
37.9162	-120.5135	2.1
44.7283	-114.5808	2.1
32.1607	-115.1693	2.4
32.1562	-115.1668	2.6
33.6945	-116.807	2
38.8207	-122.7658	2.4
38.824	-122.8025	2.3
39.1122	-119.7124	2.11
41.0635	-125.1177	2.7
31.945	-116.2387	2.1
40.3923	-126.1545	2.6
32.145	-115.1643	2.8
38.4825	-122.5578	2
38.485	-122.5588	2.3
34.0735	-117.4833	2.2
36.698	-121.3078	2.1
33.7562	-116.078	2.2
40.2848	-123.6568	2.2
37.6375	-118.9273	2.8
40.1815	-121.0393	2
37.6433	-118.9223	3
37.6365	-118.926	2.1
37.6365	-118.9277	2.3
37.6387	-118.9285	2.5
37.6372	-118.9243	2.5
37.6372	-118.9248	2.3
37.6385	-118.9248	2.3
37.6395	-118.9258	2.3
37.6392	-118.9265	2
37.6378	-118.9257	2.3
39.2307	-120.4883	2
32.2968	-115.3972	2.3
35.4613	-118.2683	2.2
33.3493	-116.938	2.4
40.4955	-124.1992	2.3
34.4087	-119.9362	2.2
40.3823	-126.1918	2.7
38.9915	-123.0633	2
32.5432	-115.6933	2
36.0517	-120.0792	2.5
40.1882	-121.0423	2.1
32.9283	-116.477	2.7
36.7127	-121.359	2.1
36.7153	-121.3593	2.3
40.1818	-121.047	2.5
33.676	-116.6927	2
39.1126	-119.7154	2.78
40.2338	-121.1803	2.1
33.5022	-116.4762	2.9
44.7178	-114.5888	2.8
32.2298	-115.3657	2.1
37.3613	-117.1309	2.14
39.8405	-122.0373	2.5
32.1635	-115.2347	2.2
32.173	-115.1852	3.1
37.5643	-118.6788	2.2
38.5073	-122.6323	2.6
40.2962	-124.373	2.4
38.6942	-112.5635	2.1
40.8315	-123.3067	2.2
40.2833	-124.3822	2.4
40.1647	-121.0572	2.9
40.16	-121.061	2.9
32.2342	-115.3407	2.5
38.0121	-118.054	2.17
37.1087	-113.8648	2.6
40.2008	-121.082	2
40.1678	-121.0563	2.3
40.5708	-124.6017	2.5
40.1855	-121.0738	2.3
32.5542	-115.663	2.4
38.7668	-122.7218	2
36.7007	-121.3375	2
36.701	-121.3387	2
36.4785	-121.0612	2
34.336	-119.0795	2
34.4092	-119.9097	2
36.6723	-121.2972	2
35.5638	-118.5225	2.6
32.1842	-116.093	2.8
29.951	-114.052	4.4
38.7125	-112.5272	2.3
37.5581	-117.7382	2.04
37.2997	-118.6355	2.8
35.933	-117.63	2.4
43.4913	-121.8292	2
41.3608	-123.3652	2.4
36.5668	-121.159	2
41.341	-123.3817	2.8
41.3455	-123.3762	3.8
37.3198	-122.1042	2.4
38.8435	-122.4598	2
37.6698	-122.5288	2
32.1415	-117.3733	2.1
37.3612	-121.7152	2.3
40.2468	-121.1713	2
35.5665	-118.524	2.1
35.5672	-118.5255	2
32.2177	-115.2933	3.2
35.1233	-119.1335	2
36.4792	-121.0582	2.5
32.1913	-115.3233	2
32.2418	-115.3107	2.6
40.1828	-121.0655	2.1
36.0045	-120.878	2.1
43.1537	-122.2495	2.8
39.3468	-122.9067	2.1
36.2125	-117.9123	2.4
37.3731	-114.3278	2.12
40.3257	-124.5853	2.8
38.8042	-122.7883	2.1
38.7811	-115.9203	2.8
40.3032	-124.3975	2.1
37.3488	-114.3324	2.5
36.2128	-117.9165	2
36.2113	-117.9272	2.4
34.3033	-118.4422	2.5
40.1787	-121.0515	2.1
37.4547	-121.7837	2.4
38.8103	-122.8123	2.1
33.5288	-116.4335	2.2
40.2247	-121.1072	2
36.213	-117.9122	2.3
44.5688	-112.719	2.2
33.6618	-118.3858	2.1
33.6612	-118.397	2.6
33.666	-118.3927	2.9
33.668	-118.4052	2.8
33.668	-118.405	2.8
37.2799	-114.3776	2.04
40.2147	-121.111	3
40.2145	-121.1128	2.7
40.2197	-121.113	2.2
40.2183	-121.1142	2.2
38.2798	-122.17	2
32.9682	-115.5543	2.6
40.2163	-121.1095	2.2
40.2115	-121.1117	3.7
30.121	-114.066	4.7
40.1665	-121.0688	2.7
40.183	-121.0637	2.7
32.2178	-115.3255	2.5
32.228	-115.321	3.6
38.749	-120.542	2.3
38.2845	-122.1715	2.3
33.0758	-115.5847	2.3
40.3665	-124.3777	2.3
39.603	-121.569	2.5
41.1578	-125.1368	2.7
37.3011	-114.3453	2.54
38.8328	-122.8118	2.2
34.9783	-120.7342	2.2
41.205	-123.5062	2.5
40.1867	-121.049	2.1
34.2183	-117.4227	2
43.226	-126.639	2.8
37.3212	-122.1035	2
39.1155	-119.7155	2.9
34.4182	-119.9373	2.6
33.765	-115.9557	2.4
34.0388	-116.4308	2.1
38.761	-122.4147	2
36.6403	-121.2578	2.1
40.1343	-121.0145	2.1
33.208	-115.5503	2.1
34.4185	-119.922	2.4
33.2067	-115.5528	3.1
36.2167	-117.9143	2.5
38.7531	-115.8222	2.24
33.6678	-117.9293	2.4
40.2067	-121.0852	2.3
33.2025	-115.5483	2.2
33.206	-115.5495	2
33.2092	-115.5553	3.6
33.209	-115.555	3.6
37.2825	-117.4427	2.58
33.2027	-115.5523	2.5
38.8367	-122.7835	2
34.4183	-119.928	2.3
36.8643	-121.599	2
39.113	-118.9969	2.25
32.3073	-115.3128	2.6
40.158	-121.0715	2.7
40.153	-121.0777	2.2
40.1938	-121.0925	2.7
40.1938	-121.1047	2.6
40.1827	-121.0635	2
33.232	-115.6253	3.9
33.2307	-115.6205	2.4
40.1825	-121.0595	2.8
33.2377	-115.619	2
33.2335	-115.6252	3.1
40.1965	-121.0743	2.3
34.8547	-120.8938	2.1
38.439	-122.2565	2.5
38.8132	-122.8158	2
40.1965	-121.0845	2.3
40.1478	-121.0143	2.7
41.8552	-112.3322	2.3
40.1958	-121.0435	2.1
40.1437	-121.0227	2
40.1318	-121.0163	2.1
34.5618	-116.4977	2.6
35.0733	-118.3348	2.1
33.7085	-118.4102	2
33.4305	-116.8845	2.4
40.1832	-121.0937	2.2
33.0398	-116.4428	2.7
38.8348	-122.7768	2.1
40.2113	-121.0883	2.4
41.8515	-112.3238	2
38.794	-122.7465	3.3
36.039	-120.5927	2.1
38.7888	-122.762	3.3
40.1467	-121.0168	2.7
40.1462	-121.0212	2.1
36.213	-117.911	3.2
36.0597	-120.6425	2
40.1812	-121.0938	2.6
40.151	-121.0702	2.1
37.1748	-113.4082	2.5
37.178	-113.411	2.5
37.1718	-113.413	2.9
36.589	-114.081	2.9
37.1698	-113.4107	2.1
37.174	-113.4137	2.8
40.1483	-121.0685	2.2
33.1897	-115.5532	2.4
40.2047	-121.0865	2.1
40.1875	-121.0493	2.1
36.2177	-117.91	2
33.6863	-119.1305	3.1
40.1765	-121.0877	2.9
38.807	-122.7425	2.1
40.1632	-121.0683	2.3
40.1625	-121.0632	2
40.2045	-121.0972	2.9
40.198	-121.101	2.9
33.906	-118.2733	2.3
41.8508	-112.3282	2
34.4005	-119.9292	2.2
33.0135	-116.4495	2
40.1837	-121.0952	3.6
34.4053	-119.9397	2.1
38.8382	-122.8272	2.4
40.169	-121.0633	2.1
40.1585	-121.066	2.2
39.0775	-119.0599	2.2
36.9955	-121.4577	2.7
34.4187	-119.9282	2.7
41.8533	-112.3245	2
33.2083	-115.5668	2.1
34.4423	-119.913	2.2
34.4203	-119.9342	3.1
36.4993	-121.0787	2
38.7932	-122.7802	2
34.4193	-119.959	2.1
40.1837	-121.05	2.3
39.0804	-119.0609	2.18
41.8527	-112.3232	2.2
36.8155	-121.405	2.7
41.857	-112.3263	2.1
34.4275	-119.9277	2.3
34.414	-119.9427	2.5
40.178	-121.0592	2.3
39.4173	-120.6768	2.7
35.4648	-119.3527	2
34.4132	-119.949	2.6
34.433	-119.9268	2.6
34.4125	-119.926	4.8
37.3812	-121.7382	2
40.1898	-121.0435	2.1
41.8483	-112.3238	3.1
40.182	-121.0582	2.2
37.2832	-117.4416	2.38
32.884	-116.257	2.7
41.8505	-112.3277	2.5
40.1433	-121.0123	2
40.1493	-121.0082	2.3
39.4207	-122.9207	2.4
40.1365	-121.0185	2.3
32.5442	-115.6678	2.1
36.8492	-111.7963	2.7
38.796	-122.814	2.1
40.2983	-124.5877	2.3
40.1883	-121.0548	2
37.2732	-117.4507	2.92
40.153	-121.0122	2.2
40.211	-121.0747	2.1
40.1353	-121.0205	2.1
36.3162	-117.9297	2.4
40.16	-121.008	2.1
32.5657	-115.7028	2
40.1737	-121.0553	2.5
40.1942	-121.0802	2.6
37.803	-121.9588	2.5
37.8002	-121.9603	2.4
40.1945	-121.0845	2.3
40.201	-121.1052	2.5
40.1423	-121.0192	2
40.1473	-121.0222	2.6
38.8075	-122.8155	2.2
40.1942	-121.0515	2.4
40.4945	-124.4487	2.1
40.1547	-121.0743	2.1
35.9102	-119.9757	2.3
40.2085	-121.0872	2.2
40.1463	-121.0843	2.6
40.1967	-121.0525	2
40.4158	-124.722	2.3
40.1922	-121.0508	3
31.1273	-115.7153	3
35.1345	-119.2142	2.2
40.1745	-121.0553	2.1
32.0807	-116.7472	2.1
40.2183	-121.0977	2.5
40.1532	-121.0798	2
40.1863	-121.0522	2.1
40.2015	-121.0903	2.1
36.0633	-120.2042	3.3
40.1822	-121.0542	2.3
40.1965	-121.0398	2.5
37.3372	-113.772	2
40.1912	-121.0393	2.5
40.157	-121.0663	3.3
40.1472	-121.0823	3.2
40.1587	-121.069	2.9
38.8262	-122.8042	2
40.1983	-121.0938	2.6
40.1973	-121.0938	2.8
40.1972	-121.0952	2
40.1993	-121.0848	2.4
40.1855	-121.0435	2
35.158	-116.8385	3.3
35.1373	-120.6525	2.3
38.7893	-122.762	2.7
40.1873	-121.0713	2.2
40.1853	-121.0313	2.3
40.1922	-121.0495	3.4
40.19	-121.051	3.5
37.9293	-122.2993	2
40.202	-121.0888	2.2
40.1907	-121.0478	2.1
40.1748	-121.039	2
33.9733	-118.7018	2.3
40.1925	-121.0505	2.1
40.182	-121.0465	2.2
40.1793	-121.051	3.5
40.179	-121.051	3.5
40.1813	-121.0513	2.3
34.0538	-117.2412	2.2
41.8887	-112.4092	2.2
40.1817	-121.0503	2.9
40.182	-121.05	2.9
40.1907	-121.0807	2.3
40.1848	-121.0445	2.1
33.1007	-117.9157	2.1
40.1797	-121.0902	2.5
40.1775	-121.0355	2.5
40.1938	-121.0547	2.1
40.173	-121.0552	2.1
40.1857	-121.025	2
33.2347	-115.5607	2.4
36.7598	-121.5032	2.7
40.1888	-121.0325	2
33.6135	-118.4052	2.4
40.1833	-121.0452	2.1
40.1838	-121.0708	2
40.1867	-121.042	2.3
40.1863	-121.038	2.2
40.1938	-121.0618	2.4
40.1815	-121.009	2.1
40.2087	-121.0775	2
40.1758	-121.0723	3.3
40.1727	-121.0533	2.9
40.1878	-121.0678	2.4
40.1895	-121.0525	2.1
40.1887	-121.0457	2
40.1857	-121.058	2.3
40.1925	-121.0577	2.1
40.184	-121.0433	2.6
40.2143	-121.0907	2.5
40.1787	-121.0678	2
40.1868	-121.0482	2.2
40.1765	-121.0452	2.7
40.2078	-121.0888	2.2
37.3257	-122.0983	2.4
40.1712	-121.0647	2.2
40.1717	-121.059	2.2
40.187	-121.0513	2.1
40.187	-121.0475	2.2
40.1973	-121.0682	3.1
40.1817	-121.0595	2
40.1953	-121.0915	2.9
40.19	-121.0553	2.2
40.1792	-121.033	2.8
38.7833	-122.746	2.2
40.1893	-121.0408	2.2
40.1875	-121.0592	2.9
40.1732	-121.0553	2.6
40.1738	-121.0397	2.7
40.1847	-121.0593	2.1
40.175	-121.0515	2.2
40.1742	-121.0392	2.1
40.1822	-121.0265	2.3
40.1863	-121.0647	2.3
32.882	-116.2532	2.1
40.1738	-121.0267	2.4
40.1743	-121.0282	2.4
40.1783	-121.0482	3.9
40.1863	-121.0557	2.1
40.172	-121.0407	2.9
40.2033	-121.0438	2
40.18	-121.0647	2.5
40.1902	-121.0527	2.1
38.566	-122.3245	2.4
40.1753	-121.0515	2.8
40.175	-121.051	2.8
40.1783	-121.0483	3.8
40.1808	-121.0575	3.6
40.1937	-121.0998	2.1
40.1803	-121.0563	2.8
40.18	-121.056	2.8
40.1928	-121.0592	2.8
40.193	-121.059	2.8
40.2035	-121.0843	2.2
40.204	-121.08	2
40.1863	-121.0587	2
40.2177	-121.081	2
40.1977	-121.0673	2
40.1792	-121.0337	2.1
40.1918	-121.044	2
40.1938	-121.0995	2.1
40.1857	-121.0792	3.6
40.1812	-121.0492	2
40.1743	-121.0695	4
40.19	-121.0795	2.2
40.1763	-121.0502	2.2
40.1892	-121.0623	2
40.1807	-121.0515	2.3
40.1833	-121.0302	2.4
40.1845	-121.0332	2.1
40.1812	-121.0248	2.1
40.1623	-121.0895	2.3
40.1863	-121.0663	2
40.1827	-121.0242	2.1
40.1902	-121.0732	2
40.1783	-121.0298	3
40.1748	-121.0302	2.2
40.1872	-121.0788	2.7
40.1957	-121.0807	2.2
40.1902	-121.08	2.3
40.1827	-121.0718	4.9
40.1872	-121.0425	2.4
40.2013	-121.1072	3.7
40.1772	-121.0485	2.6
40.162	-121.08	2.5
40.1807	-121.0618	2.3
40.1817	-121.0648	2.7
40.1873	-121.0938	2.5
40.205	-121.095	2.1
40.193	-121.0752	3
40.1773	-121.0252	2.2
40.1978	-121.077	2.5
40.1812	-121.0432	2
40.2027	-121.066	2.1
40.1755	-120.9898	2.1
40.1852	-121.0537	2.4
40.2067	-121.0958	3.1
40.199	-121.0785	2.8
40.1883	-121.0583	2.1
40.1828	-121.0572	2.6
40.1848	-121.0313	2.7
40.1938	-121.0722	2
40.2098	-121.041	2
40.1953	-121.0458	2.8
40.1758	-121.065	2.7
40.1917	-121.0427	2.8
40.1777	-121.0283	2.9
40.167	-121.0373	2.9
40.163	-121.024	3
40.185	-121.0633	2
40.1772	-121.0382	2
40.1972	-121.0907	3
40.1822	-121.0598	2.3
40.178	-121.041	2.3
40.1785	-121.0405	2.8
40.1793	-121.0675	2.4
40.1732	-121.0472	2.9
40.1848	-121.0507	2
40.1877	-121.0688	2.7
40.1748	-121.047	3.4
40.1883	-121.0393	3.4
40.1713	-121.0683	3.2
40.1825	-121.041	2
38.8108	-122.7417	2
40.1778	-121.0965	2.8
40.1868	-121.0623	2.2
40.196	-121.0968	2.2
40.1947	-121.093	2.6
40.191	-121.0873	2.7
40.1967	-121.0437	2.6
40.1798	-121.046	2.7
40.1807	-121.0548	2
40.1917	-121.0598	2.3
40.1753	-121.0537	2.4
40.1825	-121.045	2.4
40.184	-121.0533	2.5
40.1873	-121.0598	2.3
40.214	-121.033	2.5
40.1842	-121.0672	2.7
40.1927	-121.0458	2
40.1912	-121.054	2
40.1727	-121.0453	2.2
40.198	-121.0493	2.1
40.1792	-121.0578	2.1
40.1785	-121.0762	2.2
40.196	-121.0947	2.2
40.1907	-121.0408	2.7
40.1933	-121.1115	3.1
40.1947	-121.0833	2.4
40.186	-121.0683	2.5
40.1893	-121.0507	2
40.1975	-121.0882	2.3
40.1692	-121.0598	2.1
40.184	-121.0558	2.1
40.1922	-121.0515	2.5
40.1625	-121.0555	3.4
40.1792	-121.0622	3.4
40.1828	-121.0482	2.3
40.2237	-121.0607	2.9
40.1963	-121.0622	3.3
40.186	-121.0632	4.2
40.1875	-121.0653	4.6
40.1918	-121.0595	5.7
34.066	-116.6105	2.2
36.7023	-116.3016	2.16
32.259	-115.3068	3.2
41.9874	-117.0513	3.3
32.3037	-115.3308	2.7
32.2817	-115.3235	3
34.6098	-117.1158	2
40.3948	-126.0055	2.7
44.5783	-112.7233	3.2
44.5703	-112.7198	2.8
38.6055	-122.6145	2
44.3928	-114.0008	2.2
44.5708	-112.725	2.2
40.3032	-111.3548	2.4
33.9343	-116.3858	2.4
38.809	-122.8247	2.1
38.8093	-122.8257	2
44.5646	-112.7315	2.3
36.3835	-120.9643	2
38.8252	-122.807	2.4
33.2552	-116.0225	2.1
41.5112	-124.9625	2.3
40.2953	-124.3978	2.7
32.4158	-115.2053	2.9
39.602	-121.574	2.2
38.8082	-122.7955	2
32.5802	-115.5437	2
37.172	-113.4105	2
40.1402	-123.8345	2.1
44.571	-112.7206	2.9
44.5728	-112.7333	2.4
44.5668	-112.7213	3
44.5665	-112.722	2.4
34.8473	-119.2448	2.2
32.3168	-115.2988	2.6
32.3408	-115.3293	2.3
41.8825	-112.6112	2
44.5683	-112.731	2.6
38.3605	-122.1808	2.1
44.57	-112.7223	3.2
44.5736	-112.7253	2.3
34.014	-116.5918	2.4
44.5721	-112.7345	2.7
44.5675	-112.726	3.3
44.2035	-115.4105	2.7
31.5882	-116.1283	3.6
38.813	-122.829	2
41.472	-127.064	4.4
41.391	-127.001	4.2
41.145	-127.423	2.9
40.414	-126.7208	2.9
41.277	-127.252	4.2
41.364	-127.352	4.3
41.323	-127.117	4.2
41.375	-127.392	4.3
41.121	-127.324	3.1
41.489	-126.974	2.9
37.186	-115.7941	2.3
36.223	-118.3248	2.1
32.1162	-116.5867	2.1
32.1202	-116.5737	2
31.8642	-114.939	3
36.3035	-120.814	2.1
39.0198	-122.5758	2.2
43.2276	-110.6863	2
33.2145	-115.5553	2.8
40.2627	-123.092	2.1
32.2032	-115.2697	2.6
43.2118	-110.6691	2.3
40.7728	-123.579	2.1
40.312	-124.4088	2.8
37.1458	-121.537	2
40.843	-125.3703	2.6
37.4747	-118.8422	2.1
32.8965	-116.263	2
40.414	-124.523	2.2
40.4232	-124.4905	3.8
40.4475	-124.5017	2.6
40.2858	-124.4603	4.3
33.2117	-115.5438	2.4
35.6275	-120.7242	2.3
33.5828	-118.3788	3.2
33.5127	-116.4505	2.2
30.055	-113.821	4.1
36.5548	-121.0875	2
38.8077	-122.79	2.4
39.974	-123.1357	2.6
40.7515	-122.3128	2.1
38.2812	-119.2747	2
37.3778	-119.038	3
33.1807	-115.6735	2.1
36.555	-121.0865	2.2
34.2498	-116.4277	2.4
37.6242	-119.0485	2
38.8172	-122.8058	2
38.7573	-122.7227	2
31.821	-115.0127	3
33.2083	-115.5458	2.7
34.0795	-117.2918	2.3
33.2062	-115.5508	2
33.2125	-115.5525	3.1
33.2047	-115.5508	2
33.2133	-115.5475	2.3
33.2032	-115.5498	3.5
36.068	-120.0122	2.6
37.4087	-118.6017	2
31.5808	-116.1068	2.8
38.8302	-122.8047	2.4
37.4892	-118.8773	2
33.182	-115.6072	2.4
34.8578	-119.2387	3.2
39.3032	-120.1395	2
42.749	-111.103	3.6
32.2487	-115.243	3
37.6035	-122.453	2.2
33.3727	-116.8405	2.9
39.5082	-121.9877	2.6
40.3043	-124.4887	2
33.6583	-118.3722	4
33.652	-118.385	4
33.9795	-116.767	3.1
37.1674	-117.3741	2
36.4757	-120.4757	2.1
39.4973	-112.029	2.3
38.8192	-122.8038	3
33.5225	-118.4768	2.1
39.8625	-123.6513	2.1
32.7827	-116.1257	2.1
37.0952	-112.1168	2.5
36.6815	-117.7463	2.6
32.209	-115.2585	2.6
34.0273	-116.983	2
36.171	-117.8542	2
41.0472	-123.3327	2.5
41.047	-123.333	2.5
38.7718	-117.9497	2.22
37.6032	-122.4552	2.3
37.1002	-112.1255	2.2
36.0692	-115.1372	2.33
36.0403	-120.1023	2.2
37.6053	-122.4625	2.2
33.5315	-116.4437	2.2
40.266	-125.4027	2.4
39.9917	-120.7948	2.5
40.3865	-125.6807	2.4
35.3295	-118.5633	2
40.3305	-124.5913	3.7
33.5308	-116.4472	2.5
33.5273	-116.4462	2.4
40.3563	-124.4127	2.1
38.8367	-122.7612	2
37.5643	-122.4255	2.3
40.4238	-124.4417	2.5
37.3723	-121.732	2
40.343	-124.6115	2.7
37.3732	-121.7242	3.5
44.5715	-112.7298	2.3
40.0512	-118.6974	2.45
32.199	-115.2885	2.1
33.9595	-118.4155	2.9
33.494	-116.46	2.4
33.4977	-116.4657	2.3
38.3558	-122.1797	2.5
39.9733	-120.7948	2.9
39.3263	-123.2735	2
41.0715	-124.128	2
33.6385	-116.7588	2.2
40.247	-124.1673	2.4
40.4233	-125.3612	3
36.2973	-119.9055	2.7
44.3897	-125.759	2.7
39.5997	-121.5653	2.6
39.6025	-121.5763	2.2
35.7258	-121.1063	2.2
40.2205	-121.3435	2.7
33.6685	-116.7135	2
39.7385	-123.5458	2.4
38.708	-118.5921	2.87
36.637	-121.2517	2.4
36.6367	-121.2527	2.2
38.8213	-122.8093	2.1
44.3706	-115.599	2.3
34.478	-119.3095	2.6
40.3627	-125.4877	2.4
44.5801	-112.73	2.2
44.5728	-112.7298	2.3
44.5758	-112.729	2.4
39.0002	-120.1765	2
44.5723	-112.7231	2.9
34.4788	-119.311	3.6
37.187	-112.8908	2
40.0237	-121.0377	2.2
33.5013	-116.451	2.5
32.8953	-116.2647	2.4
38.8078	-122.809	2
38.6558	-119.555	2.3
32.177	-115.197	3.1
44.5731	-112.7263	2.4
38.8395	-122.8302	2.6
44.5721	-112.7291	2.6
44.5723	-112.7265	2.8
44.57	-112.73	2.8
40.8247	-124.625	2.5
43.048	-126.373	3.3
36.9427	-121.541	2.3
36.7845	-121.5143	2.2
35.8942	-121.819	2.2
37.4752	-118.849	2.1
42.62	-111.955	3.5
42.608	-111.947	3.9
39.6827	-123.5543	2.5
37.6455	-119.0222	2.3
38.6657	-122.8862	2.3
38.6655	-122.8833	2.3
32.3717	-115.2045	2.4
38.6352	-119.554	2.3
35.4888	-118.394	2.2
44.284	-116.24	2.6
38.8338	-122.7598	2
35.7842	-121.2858	2.2
36.8385	-113.7197	2.3
33.9177	-117.0648	2.1
38.823	-122.8035	2.4
35.0703	-118.8965	2.4
38.8365	-122.7833	2
39.5712	-121.9752	2.2
38.81	-122.8232	2
32.6687	-116.3507	2
36.3018	-120.8745	2
35.6017	-117.472	2.1
34.3565	-116.4605	2.4
36.9658	-121.455	2.2
38.8082	-122.7937	2.1
38.8072	-122.7935	2
36.0362	-117.7543	2.2
36.2493	-120.8138	2
39.5622	-123.393	2.5
38.7318	-119.6765	2.8
36.9593	-121.447	2.6
38.7318	-119.666	2.7
34.065	-118.885	2.1
33.4005	-118.2083	2.2
35.8802	-120.43	3
33.9775	-118.7688	2.7
32.1027	-115.0923	3.4
33.9862	-118.7863	3.2
36.963	-121.452	2.2
40.2825	-124.4393	2.4
42.1038	-120.248	2.2
42.103	-120.2482	2.5
40.3188	-124.4208	2
42.1012	-120.2408	2.4
42.1013	-120.246	2.2
42.0962	-120.2672	2.2
38.236	-107.761	2.7
38.6755	-112.5877	2.1
44.6291	-114.3905	2.1
36.9648	-121.4538	2.8
42.1012	-120.2593	2.2
36.4237	-119.2198	2.1
40.2962	-124.376	2.5
35.0165	-116.96	2.1
40.2965	-124.3877	2.5
36.4598	-121.0378	2
40.2953	-124.3672	2.5
40.297	-124.3838	3.9
32.211	-115.2213	3
38.7527	-122.7115	2.2
38.7343	-119.6743	3.1
33.4383	-116.8998	2.9
34.7625	-118.9282	2.6
34.7707	-118.9308	2.7
32.8973	-116.2645	2
31.7683	-115.8778	2.8
36.1737	-117.8538	3.2
32.1942	-115.1845	3.3
31.3175	-116.013	3.1
40.2812	-124.3515	2.5
40.3883	-124.4507	2.1
33.1543	-115.6463	2.2
36.5512	-121.1415	2.3
41.7548	-124.9272	2.4
34.7945	-118.943	2.1
34.7985	-118.9423	2
36.9655	-121.4532	3
38.7843	-122.7382	2
40.9837	-123.5273	2.6
33.1555	-115.643	2.1
33.1553	-115.6457	2.4
33.1707	-115.6048	2.6
33.141	-115.6515	2.5
33.1553	-115.642	3
39.434	-111.2265	2
33.998	-117.1662	2.1
39.4432	-111.217	2.2
40.8547	-125.01	2.8
33.9575	-118.4095	2.7
38.844	-122.828	2
40.3302	-124.607	2.2
41.269	-121.5315	2
36.4965	-121.0753	2.4
39.6542	-111.5872	2
36.4664	-116.0128	2.48
39.5312	-123.04	3.1
38.812	-122.8155	2.3
44.5725	-112.7433	2.2
39.3815	-122.9005	2.1
36.7678	-121.4808	2.6
39.3802	-122.9027	2
36.294	-121.3658	2.4
32.7323	-118.1163	2.3
40.429	-125.143	3.4
40.418	-125.3685	3.1
31.8117	-116.1392	2.3
36.3143	-120.4275	2.5
40.781	-123.7912	2.5
33.9582	-118.4185	3.1
37.4962	-118.7335	2.5
40.3537	-125.3655	2.4
41.6865	-109.8398	2.3
33.4918	-116.4478	2.3
40.3005	-125.8193	2.5
32.233	-115.2747	2.7
32.7385	-115.4253	2.3
36.0252	-120.5945	2.2
32.6167	-115.753	2.2
32.6177	-115.7528	2.1
36.2348	-120.2657	2.1
40.6388	-124.8153	2.4
33.6463	-116.7402	3.1
33.646	-116.74	3.1
36.176	-117.8513	2.6
40.6175	-123.9647	2.4
32.6255	-115.7573	2.3
40.243	-119.5642	2.2
35.3422	-117.9235	2.5
33.5053	-116.4745	2.5
32.6055	-115.7453	2.1
36.703	-121.3393	2.7
37.8552	-115.3873	2.19
40.289	-126.7232	3.1
36.0505	-117.8633	2.2
32.338	-115.3322	3.2
40.294	-124.53	2.2
40.2895	-124.5532	2.9
38.83	-122.8003	2
38.8352	-122.8002	2.2
38.8315	-122.7987	2.7
38.7963	-122.7708	2.4
36.0397	-120.9327	2.5
33.0653	-116.4642	2
37.4075	-118.5683	2.7
35.857	-121.5002	2.3
38.8033	-122.7987	2.4
33.9812	-117.2025	2.1
35.7267	-121.1085	2.7
38.8195	-122.8105	2
36.0943	-118.5672	2.4
38.8248	-122.8018	2.4
34.272	-119.6817	2.4
38.8155	-122.8117	2
37.9303	-115.7686	3.04
37.5353	-118.8277	2.2
38.843	-122.8312	2.1
38.843	-122.832	2
34.6807	-116.2755	2.1
39.9917	-120.5798	2.8
41.2367	-125.9237	3
33.3405	-115.7227	2.3
32.295	-115.2053	3.5
32.3048	-115.2257	3.1
36.0767	-119.8457	2.3
33.481	-116.4413	2
36.019	-117.788	2
37.455	-121.7725	2.1
37.4602	-121.7727	3.1
38.8182	-122.8038	2.1
31.8303	-114.9858	2.5
32.2167	-115.239	2.9
45.4563	-122.8222	2.5
36.445	-121.011	2
32.5667	-115.6978	2.2
38.0684	-116.7976	2.24
38.5563	-119.6192	2.3
37.7572	-122.572	2.3
40.0012	-111.7932	2.8
36.0362	-117.8042	2
38.5567	-119.6217	2.5
40.3103	-124.3457	2.5
37.3058	-117.2561	2.18
32.2463	-115.2837	2.5
40.2907	-125.3933	2.4
41.8568	-112.3363	2.3
38.8145	-122.8165	3
38.8043	-122.801	2
38.8225	-122.8008	2.1
35.9018	-117.8168	2.1
33.0072	-116.481	2.7
38.5513	-119.6337	2
33.3377	-116.7707	2
38.555	-119.6205	3.2
32.3677	-115.4613	2.2
32.2405	-115.2698	4.1
36.1732	-117.851	2.6
36.0702	-121.0442	2
36.1785	-117.8497	2.5
36.1775	-117.8518	2.7
40.0197	-111.063	2
39.3433	-122.905	2.6
36.611	-121.219	2.7
37.3217	-114.9301	2.5
42.606	-122.4033	2
36.4977	-121.0737	2.4
38.7842	-122.744	2.1
38.7895	-122.7483	3.5
38.4702	-122.6783	2.2
45.9585	-119.7302	2.2
39.1977	-123.5772	2
35.4913	-118.3938	3.1
38.7898	-122.7368	2
38.6363	-119.7972	2.3
32.653	-115.9458	2.7
38.7878	-122.7622	2
40.3722	-124.6727	2.3
33.7987	-116.0917	2.3
39.406	-120.1768	2
36.52	-121.105	2.1
32.6523	-115.9405	2.1
38.7867	-122.762	2
37.4752	-118.3645	3.4
34.5932	-118.6255	2.7
37.8045	-119.0073	2.6
36.5748	-121.1712	2.2
35.7953	-121.3278	2
38.8077	-122.8117	2.9
33.49	-116.4598	2.7
37.3855	-114.326	3.59
31.492	-115.5005	3
35.4897	-118.3958	2.1
36.8312	-121.5728	2.9
38.8107	-122.8133	2.7
31.8787	-114.9427	2.6
33.0012	-116.3412	2.2
38.7887	-122.7777	2.1
38.8365	-122.797	2.5
36.9653	-121.4533	2.4
31.5003	-115.5867	2.6
36.0063	-118.3923	2
40.5903	-124.0607	2
41.6548	-125.006	2.4
40.3848	-124.5478	2.2
36.9852	-121.6365	2.1
33.7998	-116.089	2.4
33.804	-116.0923	2.5
33.8075	-116.0827	2.4
39.5112	-111.2098	2
37.5358	-118.8612	2
37.866	-121.7905	2.6
38.8373	-122.7753	2.1
39.5268	-122.7393	2.1
32.4537	-115.596	2.7
45.1255	-122.7132	2.2
32.201	-115.268	2.4
38.8263	-122.85	2.2
36.6185	-121.2255	2
31.8142	-115.0743	2.7
37.299	-121.6752	2
33.1783	-115.6227	2.8
33.1782	-115.6225	2.6
33.1732	-115.6207	2.1
39.8315	-120.0567	2.2
33.6502	-117.0213	2
40.2828	-127.1825	3.1
33.7985	-116.0945	2.4
36.5762	-121.1345	2.9
40.503	-124.5233	3
44.6768	-113.9926	2.1
34.3528	-116.1962	2
32.2345	-115.2795	3
37.4835	-117.9057	2
40.3017	-121.4608	2.9
37.204	-114.1062	2.2
36.625	-121.237	2
37.3854	-114.9607	3.44
34.71	-116.29	2.9
35.8842	-118.35	2.3
36.3985	-117.8503	2
37.3099	-114.7626	2.58
36.4042	-117.8413	2.9
38.836	-122.8765	2
36.5613	-121.0752	2.1
34.7123	-116.2883	2.4
38.8263	-123.6078	2.7
34.7115	-116.287	3.2
37.6247	-118.857	2
33.8023	-116.0932	3.5
34.6418	-116.6523	2
38.8297	-122.8542	2
38.8228	-123.612	2.3
33.801	-116.0917	2.6
41.2072	-123.4978	2.6
38.8163	-123.6233	2.1
36.158	-120.1727	2.4
38.8215	-122.761	2.6
33.8142	-116.1043	2
40.4385	-124.0853	2.1
36.2593	-120.4518	2.4
40.2943	-124.5008	3
38.8123	-122.8285	2.4
33.8023	-116.0918	2.9
38.7677	-122.7217	2
38.7705	-122.7212	2.2
33.802	-116.0933	2.6
33.803	-116.0902	2.3
36.8358	-111.4985	2.8
38.7933	-122.7922	2.5
36.044	-117.8593	2.2
36.0455	-117.8615	2.1
36.0442	-117.8605	2.4
35.7265	-121.1083	2
40.303	-123.0485	2.6
45.1445	-122.7265	2.2
35.7282	-121.108	2.8
33.2532	-116.021	2.2
38.7927	-122.7783	2
36.0482	-117.8613	2.6
33.535	-116.4607	2.3
36.9615	-121.4543	2.8
32.8245	-115.6073	2
38.8367	-122.8033	2
35.6547	-119.9652	2.4
38.7888	-122.7357	2
32.1365	-115.2077	2.5
33.9697	-117.2175	2.1
31.225	-115.913	4
38.7878	-122.7633	2
33.8028	-116.0933	2
32.1937	-115.2498	2.2
39.7487	-123.9737	2.2
33.805	-116.0908	2.5
33.8067	-116.0928	2.3
33.8027	-116.0915	2.1
32.2485	-115.3422	2.3
32.2507	-115.3327	2.6
34.2725	-119.4983	2.7
42.5543	-120.4268	2.2
41.7895	-112.7395	2.2
39.6047	-121.5678	2.5
38.8202	-122.8237	2.2
38.8205	-122.8225	2.4
36.89	-112.424	2.8
34.0802	-118.7688	2
39.5482	-122.0113	2.8
33.5233	-116.4455	2.2
36.963	-121.4487	2.1
31.9957	-115.0497	2.9
34.2963	-119.5007	2
38.8358	-122.8267	2
32.9042	-115.502	2.2
40.9373	-123.4305	2
36.9597	-121.449	2.7
33.178	-115.6085	2.1
40.94	-123.4335	2.3
37.9224	-116.8203	2.55
38.6505	-122.7628	2.4
31.9902	-116.258	2.4
36.8205	-120.8758	2.7
36.8235	-120.8462	2.9
32.8913	-116.2735	2.1
36.6893	-121.3215	2.2
32.926	-115.5227	2
38.7728	-122.7353	2.4
36.2993	-120.8565	2.3
40.437	-126.261	5.1
32.1318	-115.175	2.4
39.0539	-118.1716	2.89
33.4878	-116.4407	2.4
40.5963	-124.4748	2.3
35.6398	-117.42	2
36.1895	-120.7608	2.2
37.5922	-118.7972	3.4
36.0082	-117.8063	2.1
39.6857	-121.973	2.4
35.7238	-121.1177	2.5
35.9357	-117.6703	2
36.2542	-120.8213	2.9
38.5665	-118.1698	2.07
34.0963	-116.754	2.3
36.4122	-120.9918	2.2
40.4165	-126.1673	2.8
33.4938	-116.4388	2
35.7247	-121.1128	2.4
35.7247	-121.1123	3.6
34.7195	-116.2965	2.1
40.3748	-124.4178	2.5
37.3287	-114.981	2.56
38.8227	-122.8245	2
36.5927	-121.2012	2.2
33.4898	-116.4373	2
38.6725	-112.2605	2
34.9335	-118.1597	2.3
36.0137	-117.8133	2.6
38.7558	-122.7195	2.5
33.492	-116.4385	2.3
34.0942	-119.244	2.8
33.4925	-116.4385	2.7
33.4922	-116.4443	2.2
33.4923	-116.4393	2.6
33.4945	-116.443	3.7
33.4948	-116.4428	2.1
33.4953	-116.4445	3.4
40.2378	-124.1598	2
35.9355	-117.6682	2.3
37.329	-118.318	2
33.5023	-116.4695	2.2
39.3408	-115.9573	2.13
31.9943	-116.273	3.3
44.3963	-121.0108	2.1
32.9048	-115.5267	2.6
34.2458	-116.7757	2.8
37.3362	-114.9687	3.43
38.815	-122.8187	2
36.8277	-121.5622	2.3
34.0557	-116.717	2.2
40.5673	-124.3832	2.2
40.5773	-124.4422	2.9
36.9352	-121.43	2.1
34.7193	-116.2947	2
36.9368	-121.431	3
36.162	-118.0783	2.2
32.278	-115.2828	2.4
44.4903	-112.7448	2.3
40.487	-124.2015	2.2
42.6022	-122.4067	2.7
40.2927	-124.3735	2.2
38.5533	-119.6185	2.6
36.6553	-121.2752	2.5
32.3805	-115.2192	2.4
36.6545	-121.2732	2.4
36.6542	-121.2727	2.6
38.8367	-122.808	2.7
39.424	-119.8557	2.01
40.2758	-124.481	2.1
39.428	-119.8561	2.2
42.6173	-122.4047	2.7
42.618	-122.4007	2.6
36.6173	-121.2225	2
40.6138	-124.9688	4.3
35.5853	-120.8395	2.8
37.578	-119.0002	2.1
39.6233	-120.0105	2.2
42.6138	-122.4015	2.5
37.577	-118.9997	2.3
42.6085	-122.405	2.3
42.612	-122.4102	3.1
32.6375	-115.726	2.1
37.6398	-118.9247	2.1
37.642	-118.9275	3.1
42.6213	-122.4033	2.6
39.6195	-120.0097	2.26
39.6213	-120.0103	2
39.6226	-120.0075	2.16
38.8362	-122.8255	2.1
33.4858	-116.449	2.1
40.1528	-123.0988	2.1
33.8897	-118.4078	2.3
37.0152	-113.5983	2.8
37.9855	-121.8427	2.4
39.6256	-119.9952	2.14
34.2207	-117.4262	2.5
44.8675	-117.0018	2.4
36.997	-112.3717	2.3
33.9873	-118.6907	2.2
39.6261	-120.0096	2.08
39.625	-120.0128	2.6
38.8228	-122.8295	2.2
36.1928	-120.7717	2
35.7192	-117.5177	2.5
37.411	-121.7532	2.1
32.6015	-115.7183	3.4
39.624	-120.0097	2.1
38.835	-122.8303	2
40.4343	-124.6998	2.8
35.0275	-118.9812	2
34.2905	-116.7377	2.1
35.9455	-117.665	2.8
33.4985	-116.4757	2.1
33.688	-117.4863	2
34.065	-119.0228	2.4
34.015	-118.209	2.8
32.1188	-115.1585	2.4
36.1498	-118.2425	2
37.754	-122.5725	2.5
33.3448	-116.355	2.9
37.8745	-113.0378	2.7
38.7878	-122.762	2.3
41.29	-123.4545	2.5
32.753	-115.4323	2.2
38.0824	-116.0171	2.14
40.3332	-124.4123	2.2
38.146	-111.2702	2.7
34.3548	-118.6165	2
33.5033	-116.4733	2
38.786	-122.7618	2.7
41.8793	-125.8915	2
31.114	-116.6402	2.7
32.288	-115.3488	2.3
40.7742	-111.9667	2
40.5337	-122.2548	2.1
34.388	-119.7125	2
39.6257	-120.0123	2.6
34.1222	-117.4903	2
31.9847	-116.3507	2.2
34.1115	-116.7257	3
34.0102	-117.179	2.1
39.5698	-123.0697	3.1
33.6482	-116.7575	2.1
32.2372	-115.3703	2.8
34.008	-117.1787	2.4
33.5102	-116.4745	2.2
33.4895	-116.5688	2.2
40.3562	-124.3973	2.2
33.3527	-116.4123	2
35.7797	-118.5145	2.3
40.2827	-125.3932	2.7
34.0478	-117.1197	2
34.0095	-117.1805	2.8
34.0107	-117.1805	2
37.3218	-122.1013	2
33.4897	-116.4437	2
40.337	-124.6672	2.6
33.919	-117.0823	2.9
33.5063	-116.4555	2
38.7737	-122.7127	2.5
38.6457	-119.553	3.1
33.8777	-116.2002	2.2
34.0108	-117.1803	2.2
38.7788	-122.756	2.3
36.0792	-117.8825	2
37.351	-119.5733	2
35.0315	-116.971	2.2
38.8107	-122.7778	2.8
38.8158	-122.7847	2.7
38.8082	-122.7812	2
38.8255	-122.7797	3
38.825	-122.7978	3.4
38.827	-122.7973	3.9
38.8123	-122.7862	4.5
36.0082	-117.8043	2.3
38.8272	-122.8033	2
33.5125	-116.4542	2.3
33.5135	-116.4528	2.2
38.0307	-118.0784	2.23
36.5563	-121.1507	2
33.5062	-116.4758	2.5
32.684	-115.81	2.3
35.9597	-117.9343	2.2
41.0148	-123.2358	2.3
38.8168	-122.8062	2
34.0103	-117.1813	2.4
38.0265	-118.0611	2.83
36.0297	-117.7753	2.1
36.0368	-117.623	2.1
38.007	-118.0678	2.05
33.5092	-116.465	2.1
31.2537	-115.6358	2.1
33.5127	-116.475	3.4
39.4607	-117.1973	2.64
33.5133	-116.4755	2.2
36.8585	-120.8703	2.1
33.4893	-116.465	2.1
33.5128	-116.4062	2.1
33.5167	-116.4685	2.3
38.8413	-122.8297	2
38.5211	-119.2668	2.65
39.4701	-117.249	2.34
34.0602	-117.2635	2.1
43.1521	-110.8733	2
33.5055	-116.4612	2
33.6657	-118.3937	2.7
40.2912	-124.4958	2.9
39.4117	-116.9999	2.68
34.006	-117.176	2.2
44.196	-125.9933	2.1
38.0363	-118.0555	2.13
34.9398	-116.8212	2
38.5211	-119.2739	2.33
38.5227	-119.269	2.81
33.5142	-116.4662	2.1
33.5087	-116.4618	2
33.5072	-116.4753	2.5
33.5185	-116.4783	2.5
33.5125	-116.456	2.3
33.5115	-116.4648	2.2
33.5053	-116.466	2.7
33.5243	-116.4358	2.4
33.4912	-116.448	2.8
33.547	-116.4098	2.1
33.5477	-116.4063	2
33.5445	-116.3982	2.2
33.5088	-116.4402	2.1
33.4882	-116.4332	2.2
33.5053	-116.4542	2.2
33.5102	-116.4693	2
33.5088	-116.4657	2
33.521	-116.4378	2.3
33.5252	-116.4278	2.2
33.5032	-116.4628	2.1
33.5123	-116.4658	2.4
33.5012	-116.4582	2
33.5308	-116.4385	2.4
33.527	-116.4422	2.4
33.5047	-116.4615	2
33.5128	-116.4565	2.1
33.5128	-116.4483	2.2
33.5127	-116.4663	2.2
33.508	-116.4475	3
33.5025	-116.4572	4.7
33.5073	-116.4552	2.1
33.507	-116.4558	2.2
33.503	-116.4595	2.2
33.5037	-116.4628	2.6
40.2997	-124.5503	2.1
33.9502	-118.8885	2.1
38.531	-122.2258	2.2
38.0212	-118.0685	3.05
40.496	-125.5297	2.8
32.0553	-115.0858	2.1
40.144	-123.8178	2.1
44.9875	-116.714	2.4
33.872	-116.1943	2.3
34.0333	-117.2465	2.8
34.0325	-117.2472	2.7
33.2812	-116.7797	2
36.8568	-121.5932	2.8
37.2383	-119.8653	2.1
37.6917	-123.0027	3.3
31.2298	-115.9048	3.2
37.7557	-122.566	2.7
41.8295	-122.317	2.1
38.4468	-111.8853	2.1
39.6952	-117.1778	2.42
40.4457	-124.6368	2.2
38.7545	-122.7312	3.3
32.5705	-115.687	2.4
38.814	-122.7798	2
38.8142	-122.786	2.5
38.8128	-122.7813	2.1
38.8125	-122.816	2
37.7123	-121.9147	2.2
38.8105	-122.813	2
40.2942	-121.0063	2
37.1087	-121.8407	2
35.501	-118.4035	2.3
36.568	-121.122	2.1
36.5695	-121.1213	2.1
40.3075	-121.1685	2.5
42.5491	-111.0783	2.2
39.6022	-121.5722	2.4
39.602	-121.572	2.4
33.703	-116.8252	2.2
40.3422	-121.1403	2.1
34.0358	-117.2485	2.1
34.0335	-117.2473	3.5
38.7962	-122.7855	2.1
31.8703	-114.9533	3
38.7972	-122.7863	2.7
38.5542	-119.6173	2.4
34.417	-119.3995	2
33.9328	-116.6248	2
40.3097	-124.6732	2.7
40.285	-124.6423	2.4
40.3123	-124.6685	4.2
33.5033	-116.456	2.3
38.5215	-122.3805	2.1
33.5905	-115.9633	3
40.4803	-126.1357	3
40.9002	-121.821	2.2
40.9003	-121.823	2.2
38.8098	-122.8258	2
40.3992	-125.6555	2.8
33.5103	-116.4757	2.2
37.2902	-109.2323	2
37.4417	-117.5157	2.12
33.5942	-115.964	3
39.4139	-117.2641	2
33.5902	-115.9647	2
40.6288	-123.5052	3
35.8208	-116.8013	2
35.8298	-116.7997	4.1
36.651	-121.272	2.4
37.3625	-120.016	2.1
32.689	-115.8257	2.6
38.4759	-118.131	2.29
32.6885	-115.8253	3.1
36.01	-120.5743	2.4
38.776	-122.7302	2
38.8225	-122.8067	2.9
37.3577	-119.9983	2.1
42.565	-110.973	3.9
32.3335	-115.359	2.4
38.8107	-122.7943	2.1
38.028	-118.0502	2.25
36.5578	-121.072	2
36.9337	-113.6323	2
38.1295	-118.2589	3.63
31.9497	-116.1125	2
38.0269	-118.0787	2
38.0272	-118.0704	2.01
37.1597	-114.7962	2.8
38.0237	-118.0646	4.05
38.8203	-122.804	2.5
38.5658	-119.5085	2.9
32.8998	-116.2378	2.1
38.9975	-118.367	2.11
32.3478	-115.3673	2.2
32.3525	-115.37	2.2
40.2798	-124.4938	2.1
43.22	-126.565	5.2
33.9953	-116.78	2
41.735	-110.6465	2.6
32.2162	-115.3098	2.3
36.4368	-121.017	2.4
32.802	-115.4493	2.3
34.0202	-117.2205	3.6
38.7927	-122.7983	2.2
37.1595	-118.6472	2.6
35.7627	-118.0063	2.2
36.0163	-115.3287	2.3
31.215	-115.917	4.2
38.7485	-123.8247	2.2
38.2853	-117.1737	2.02
36.4565	-121.0285	2.3
34.8517	-116.4055	2.1
38.0336	-118.0609	2.09
38.836	-122.8252	2
38.8153	-122.814	2.5
32.336	-115.3537	2.4
32.3443	-115.3358	2.2
38.7877	-122.7618	2.4
38.0297	-118.0623	3.52
37.5608	-121.9528	2.9
38.8062	-122.8105	2.2
36.4413	-120.618	2.2
38.8237	-122.8037	2
36.998	-121.4558	2
32.393	-115.4642	2.2
33.2923	-116.2315	2.3
38.5521	-118.1797	2.49
32.132	-117.6893	4
36.6065	-121.2095	2.1
38.8058	-122.809	2
36.5028	-116.5785	2
38.8118	-122.812	2.3
40.3755	-124.8938	2.8
34.3318	-116.4538	2.2
38.0226	-118.0932	2.34
40.2967	-124.5038	2.9
37.1478	-121.5413	3.2
38.021	-118.0659	2.24
41.2169	-117.4837	3.5
33.2318	-116.0563	3.6
36.7703	-112.4898	2.1
33.86	-116.495	2.3
38.9603	-122.6968	2
36.0623	-120.082	2.3
40.409	-127.035	4.3
38.8338	-122.8085	2
39.6367	-123.3572	2
31.2267	-115.9478	2.9
36.8642	-121.5982	2.1
36.0203	-117.7033	2
37.862	-121.7822	2.7
40.2142	-122.7865	2.1
40.3737	-124.3013	2.7
34.6272	-116.6217	2.8
40.793	-124.7548	2.6
33.1883	-115.9823	2
42.5963	-125.5705	2.2
37.9106	-114.4116	2.66
38.513	-122.6242	2.6
36.074	-117.9887	2.1
40.4227	-124.5973	2.2
38.972	-122.6985	2
33.0142	-116.311	3.4
41.9407	-112.8525	2.1
34.8895	-120.3137	2.3
32.1912	-115.225	2.4
37.74	-122.1557	2.6
34.3555	-116.1922	2
33.4237	-109.2326	3.3
38.7221	-119.5175	2.1
38.8305	-122.8043	2
38.0258	-118.246	2.15
32.2035	-115.2712	2.2
34.1698	-116.8037	2.6
38.0508	-118.0412	2.42
40.2291	-115.286	2.48
38.028	-118.0358	2.53
32.281	-115.4335	2.3
38.0394	-118.0324	2.04
38.0412	-118.0243	2.68
36.6063	-118.075	2.1
38.0258	-118.0901	2.02
39.5475	-122.6957	2.5
38.8117	-122.8097	2.3
38.4573	-122.0087	2
40.3922	-124.3102	2.9
38.0289	-118.0073	2.31
39.8703	-122.6887	2.7
39.6747	-123.5448	3.4
40.3468	-124.3155	2.6
40.3788	-124.2835	2.8
37.1018	-119.268	2.1
37.5388	-118.822	2.6
38.0432	-118.0253	2.11
35.3265	-118.5787	2.1
40.3405	-124.3562	2.5
35.5702	-118.5338	2.2
32.2007	-115.2573	2.4
34.5037	-119.1083	2
38.0388	-118.0202	2.03
34.7853	-118.6297	3
38.0418	-118.0376	2.11
38.8065	-122.8207	2.4
38.0304	-118.0398	2.31
31.8372	-116.2157	2.7
38.032	-118.0504	3.17
38.0313	-118.04	3.79
33.0862	-115.0038	2
36.626	-120.8165	2
32.2222	-115.2773	2.7
38.0413	-118.0381	2.54
38.036	-118.0234	2.52
38.0402	-118.0246	2.51
38.0322	-118.0521	3.51
38.0328	-118.0097	2.15
38.0273	-118.041	2.07
38.0446	-118.0455	2.43
32.2192	-115.2827	3.1
38.8378	-122.782	2
38.0446	-118.0455	2.46
38.0317	-118.0549	3.95
38.0213	-118.0546	3.62
38.0317	-118.0275	2.19
38.0302	-118.0302	2.63
36.5578	-121.0705	2
40.385	-124.487	2.4
38.0256	-118.0378	3.15
38.0261	-118.0376	3.52
38.0265	-118.0342	3.68
38.0367	-118.0256	2
38.0188	-118.0576	2.56
37.969	-118.023	3.7
38.039	-118.1027	3.74
38.0353	-118.032	2.74
38.0331	-118.0643	2.21
38.026	-118.033	3.32
38.0325	-118.0365	2.17
38.0358	-118.0454	2.37
38.0351	-118.0379	2.02
38.0321	-118.0338	2.02
38.0275	-118.081	2.61
38.0281	-118.0524	2.56
38.0364	-118.0904	2.67
38.0283	-118.0525	5.06
34.7812	-118.6295	3
37.9247	-112.4638	2.2
36.5483	-121.1388	2.2
36.5003	-116.5793	2.6
35.9662	-121.0343	2.4
44.6515	-114.381	2.8
38.815	-122.8208	2.9
37.561	-118.8485	2.3
36.6203	-121.2252	2.1
37.5718	-118.8673	2
38.7658	-122.7397	2.6
38.7883	-122.762	2.8
38.5548	-119.6085	2.1
38.5572	-119.617	2.6
40.6092	-125.3253	3.1
33.5805	-116.4872	2.1
38.4395	-122.5122	2
35.8657	-121.9195	3
38.8148	-122.8237	2
38.7888	-122.7778	2.2
40.1882	-122.786	2
38.8193	-122.789	2
38.5605	-119.616	2.1
38.8127	-122.8192	3
36.8853	-121.6045	2
38.3675	-121.954	2.1
38.446	-122.0288	2
37.4579	-114.7947	2.45
33.2312	-119.2112	2.7
40.4165	-124.3927	2
33.3852	-116.396	2.3
38.4346	-116.4406	2.64
33.185	-115.6012	2.7
37.786	-113.1253	2.8
32.369	-115.2273	2.3
37.7732	-113.129	3.7
34.5685	-120.4995	2
37.7933	-113.1148	2.2
40.6538	-122.4267	2.2
37.7648	-113.1352	2.1
37.7692	-113.1378	2.4
37.7883	-113.1242	3.5
37.804	-113.1058	3.1
37.799	-113.115	2
37.406	-118.6	3
38.8473	-122.7817	2
33.8498	-116.8663	2
37.3895	-118.6785	2.4
37.3857	-118.6765	2.6
39.054	-121.7247	2.1
37.7835	-113.1282	2.7
32.4497	-115.5573	2
36.5915	-121.0515	2.7
40.1672	-121.1212	2.6
34.007	-117.1665	2.1
38.8298	-122.8327	2.8
37.2044	-114.7318	2
40.452	-126.006	3.5
38.8275	-122.8005	2.2
40.8143	-123.4602	2
38.1227	-115.0367	2.6
38.7892	-122.7425	2.9
44.5375	-114.3845	2.2
37.3477	-121.7088	2.5
43.2861	-110.9576	2
35.8065	-118.5025	2
36.455	-120.475	2.8
36.7827	-122.0898	2.5
31.872	-116.1997	2.5
